"Sentence #","Word","Tag"
"Frase1","Puoi","O"
"Frase1","per","O"
"Frase1","piacere","O"
"Frase1","realizzare","O"
"Frase1","una","O"
"Frase1","nuova","O"
"Frase1","sala","O"
"Frase1","collaborazione","B_TIPO_SCEN"
"Frase1","con","O"
"Frase1","15","B_NUM_PART"
"Frase1","partecipanti","O"
"Frase1","e","O"
"Frase1","la","O"
"Frase1","chiami","O"
"Frase1","Training","B_NOME"
"Frase1","aziendale","B_NOME"
"Frase1","?","O"
"Frase2","Puoi","O"
"Frase2","crearmi","O"
"Frase2","una","O"
"Frase2","nuova","O"
"Frase2","stanza","O"
"Frase2","per","O"
"Frase2","una","O"
"Frase2","riunione","B_TIPO_SCEN"
"Frase2","con","O"
"Frase2","15","B_NUM_PART"
"Frase2","persone","O"
"Frase2","e","O"
"Frase2","chiamarla","O"
"Frase2","riunione","B_NOME"
"Frase2","mensile","B_NOME"
"Frase3","Muxi","O"
"Frase3","crea","O"
"Frase3","una","O"
"Frase3","stanza","O"
"Frase3","per","O"
"Frase3","il","O"
"Frase3","meeting","B_TIPO_SCEN"
"Frase3","Discussione","B_NOME"
"Frase3","modifiche","B_NOME"
"Frase4","Crea","O"
"Frase4","una","O"
"Frase4","sala","O"
"Frase4","riunione","B_TIPO_SCEN"
"Frase4","per","O"
"Frase4","10","B_NUM_PART"
"Frase4","partecipanti","O"
"Frase4","e","O"
"Frase4","chiamala","O"
"Frase4","Riunione","B_NOME"
"Frase4","CoScienze","B_NOME"
"Frase5","Crea","O"
"Frase5","una","O"
"Frase5","sala","O"
"Frase5","riunione","B_TIPO_SCEN"
"Frase5","per","O"
"Frase5","lincontro","O"
"Frase5","di","O"
"Frase5","domani","O"
"Frase5","con","O"
"Frase5","5","B_NUM_PART"
"Frase5","partecipanti","O"
"Frase5","e","O"
"Frase5","nominala","O"
"Frase5","riunione","B_NOME"
"Frase5","del","B_NOME"
"Frase5","giorno","B_NOME"
"Frase6","Muxi","O"
"Frase6","crea","O"
"Frase6","stanza","O"
"Frase6","da","O"
"Frase6","5","B_NUM_PART"
"Frase6","e","O"
"Frase6","chiamala","O"
"Frase6","riunione","B_NOME"
"Frase7","Crea","O"
"Frase7","una","O"
"Frase7","nuova","O"
"Frase7","sala","O"
"Frase7","conferenze","B_TIPO_SCEN"
"Frase7","chiamata","O"
"Frase7","Riunione","B_NOME"
"Frase7","team","B_NOME"
"Frase7","per","O"
"Frase7","30","B_NUM_PART"
"Frase7","persone","O"
"Frase8","Muxi","O"
"Frase8","puoi","O"
"Frase8","creare","O"
"Frase8","una","O"
"Frase8","sala","O"
"Frase8","conferenze","B_TIPO_SCEN"
"Frase8","per","O"
"Frase8","la","O"
"Frase8","riunione","O"
"Frase8","del","O"
"Frase8","teams","O"
"Frase8","con","O"
"Frase8","15","B_NUM_PART"
"Frase8","partecipanti","O"
"Frase8","e","O"
"Frase8","nominala","O"
"Frase8","Riunione","B_NOME"
"Frase8","mensile","B_NOME"
"Frase9","Crea","O"
"Frase9","una","O"
"Frase9","sala","O"
"Frase9","conferenza","B_TIPO_SCEN"
"Frase9","con","O"
"Frase9","10","B_NUM_PART"
"Frase9","partecipanti","O"
"Frase9","nominata","O"
"Frase9","meeting","B_NOME"
"Frase10","Puoi","O"
"Frase10","creare","O"
"Frase10","una","O"
"Frase10","sala","O"
"Frase10","per","O"
"Frase10","30","B_NUM_PART"
"Frase10","persone","O"
"Frase10","chiamata","O"
"Frase10","daily","B_NOME"
"Frase10","meeting","B_NOME"
"Frase11","Puoi","O"
"Frase11","per","O"
"Frase11","favore","O"
"Frase11","creare","O"
"Frase11","una","O"
"Frase11","sala","O"
"Frase11","di","O"
"Frase11","collaborazione","O"
"Frase11","chiamata","O"
"Frase11","Brainstorming","B_NOME"
"Frase11","per","O"
"Frase11","10","B_NUM_PART"
"Frase11","partecipanti","O"
"Frase12","Muxi","O"
"Frase12","crea","O"
"Frase12","una","O"
"Frase12","stanza","O"
"Frase12","per","O"
"Frase12","la","O"
"Frase12","riunione","O"
"Frase12","del","O"
"Frase12","progetto","O"
"Frase12","Marketing","B_NOME"
"Frase12","Digitale","B_NOME"
"Frase12","con","O"
"Frase12","8","B_NUM_PART"
"Frase12","partecipanti","O"
"Frase12","e","O"
"Frase12","chiamala","O"
"Frase12","Marketing","B_NOME"
"Frase12","Meeting","B_NOME"
"Frase13","Crea","O"
"Frase13","una","O"
"Frase13","sala","O"
"Frase13","conferenze","B_TIPO_SCEN"
"Frase13","per","O"
"Frase13","il","O"
"Frase13","workshop","O"
"Frase13","sulla","O"
"Frase13","leadership","O"
"Frase13","con","O"
"Frase13","25","B_NUM_PART"
"Frase13","Crea","O"
"Frase13","una","O"
"Frase13","sala","O"
"Frase13","conferenze","B_TIPO_SCEN"
"Frase13","per","O"
"Frase13","il","O"
"Frase13","workshop","O"
"Frase13","sulla","O"
"Frase13","leadership","O"
"Frase13","con","O"
"Frase13","25","B_NUM_PART"
"Frase13","partecipanti","O"
"Frase13","e","O"
"Frase13","nominata","O"
"Frase13","Leadership","B_NOME"
"Frase13","Summit","B_NOME"
"Frase14","Puoi","O"
"Frase14","realizzarmi","O"
"Frase14","una","O"
"Frase14","stanza","O"
"Frase14","per","O"
"Frase14","il","O"
"Frase14","training","O"
"Frase14","tecnico","O"
"Frase14","con","O"
"Frase14","20","B_NUM_PART"
"Frase14","partecipanti","O"
"Frase14","chiamata","O"
"Frase14","Tech","B_NOME"
"Frase14","Training","B_NOME"
"Frase15","Muxi","O"
"Frase15","crea","O"
"Frase15","una","O"
"Frase15","stanza","O"
"Frase15","per","O"
"Frase15","lincontro","O"
"Frase15","del","O"
"Frase15","gruppo","O"
"Frase15","di","O"
"Frase15","studio","O"
"Frase15","con","O"
"Frase15","6","B_NUM_PART"
"Frase15","partecipanti","O"
"Frase15","e","O"
"Frase15","chiamala","O"
"Frase15","Studio","B_NOME"
"Frase15","Session","B_NOME"
"Frase16","Crea","O"
"Frase16","una","O"
"Frase16","sala","O"
"Frase16","riunioni","B_TIPO_SCEN"
"Frase16","per","O"
"Frase16","il","O"
"Frase16","team","O"
"Frase16","di","O"
"Frase16","sviluppo","O"
"Frase16","con","O"
"Frase16","12","B_NUM_PART"
"Frase16","partecipanti","O"
"Frase16","e","O"
"Frase16","nominata","O"
"Frase16","Sprint","B_NOME"
"Frase16","Planning","B_NOME"
"Frase17","Puoi","O"
"Frase17","creare","O"
"Frase17","una","O"
"Frase17","sala","O"
"Frase17","per","O"
"Frase17","la","O"
"Frase17","conferenza","O"
"Frase17","sulle","O"
"Frase17","vendite","O"
"Frase17","con","O"
"Frase17","50","B_NUM_PART"
"Frase17","partecipanti","O"
"Frase17","e","O"
"Frase17","chiamarla","O"
"Frase17","Sales","B_NOME"
"Frase17","Summit","B_NOME"
"Frase18","crea","O"
"Frase18","sala","O"
"Frase18","per","O"
"Frase18","il","O"
"Frase18","meeting","O"
"Frase18","di","O"
"Frase18","marketing","O"
"Frase18","con","O"
"Frase18","15","B_NUM_PART"
"Frase18","partecipanti","O"
"Frase18","e","O"
"Frase18","nominala","O"
"Frase18","Marketing","B_NOME"
"Frase18","Strategy","B_NOME"
"Frase18","Session","B_NOME"
"Frase19","Crea","O"
"Frase19","una","O"
"Frase19","per","O"
"Frase19","il","O"
"Frase19","workshop","O"
"Frase19","di","O"
"Frase19","formazione","O"
"Frase19","con","O"
"Frase19","30","B_NUM_PART"
"Frase19","partecipanti","O"
"Frase19","e","O"
"Frase19","chiamala","O"
"Frase19","Training","B_NOME"
"Frase19","Workshop","B_NOME"
"Frase20","Puoi","O"
"Frase20","realizzare","O"
"Frase20","una","O"
"Frase20","per","O"
"Frase20","la","O"
"Frase20","riunione","O"
"Frase20","del","O"
"Frase20","Puoi","O"
"Frase20","realizzare","O"
"Frase20","una","O"
"Frase20","stanza","O"
"Frase20","del","O"
"Frase20","consiglio","B_TIPO_SCEN"
"Frase20","direttivo","B_TIPO_SCEN"
"Frase20","con","O"
"Frase20","10","B_NUM_PART"
"Frase20","partecipanti","O"
"Frase20","e","O"
"Frase20","nominata","O"
"Frase20","Board","B_NOME"
"Frase20","Meeting","B_NOME"
"Frase21","Puoi","O"
"Frase21","creare","O"
"Frase21","una","O"
"Frase21","sala","O"
"Frase21","per","O"
"Frase21","la","O"
"Frase21","riunione","O"
"Frase21","di","O"
"Frase21","sviluppo","B_TIPO_SCEN"
"Frase21","prodotto","B_TIPO_SCEN"
"Frase21","con","O"
"Frase21","8","B_NUM_PART"
"Frase21","partecipanti","O"
"Frase21","chiamata","O"
"Frase21","Product","B_NOME"
"Frase21","Development","B_NOME"
"Frase21","Meeting","B_NOME"
"Frase22","Muxi","O"
"Frase22","crea","O"
"Frase22","una","O"
"Frase22","stanza","O"
"Frase22","per","O"
"Frase22","il","O"
"Frase22","briefing","O"
"Frase22","del","O"
"Frase22","progetto","O"
"Frase22","con","O"
"Frase22","5","B_NUM_PART"
"Frase22","partecipanti","O"
"Frase22","e","O"
"Frase22","chiamala","O"
"Frase22","Project","B_NOME"
"Frase22","Kickoff","B_NOME"
"Frase23","Crea","O"
"Frase23","una","O"
"Frase23","sala","O"
"Frase23","conferenze","B_TIPO_SCEN"
"Frase23","per","O"
"Frase23","il","O"
"Frase23","summit","O"
"Frase23","tecnologico","O"
"Frase23","con","O"
"Frase23","50","B_NUM_PART"
"Frase23","partecipanti","O"
"Frase23","e","O"
"Frase23","nominata","O"
"Frase23","Tech","B_NOME"
"Frase23","Summit","B_NOME"
"Frase24","Puoi","O"
"Frase24","realizzarmi","O"
"Frase24","una","O"
"Frase24","stanza","O"
"Frase24","per","O"
"Frase24","la","O"
"Frase24","riunione","O"
"Frase24","di","O"
"Frase24","marketing","O"
"Frase24","con","O"
"Frase24","15","B_NUM_PART"
"Frase24","partecipanti","O"
"Frase24","chiamata","O"
"Frase24","Marketing","B_NOME"
"Frase24","Strategy","B_NOME"
"Frase24","Meeting","B_NOME"
"Frase25","Muxi","O"
"Frase25","crea","O"
"Frase25","una","O"
"Frase25","stanza","O"
"Frase25","per","O"
"Frase25","la","O"
"Frase25","sessione","O"
"Frase25","di","O"
"Frase25","formazione","O"
"Frase25","sulle","O"
"Frase25","vendite","O"
"Frase25","con","O"
"Frase25","20","B_NUM_PART"
"Frase25","partecipanti","O"
"Frase25","e","O"
"Frase25","chiamala","O"
"Frase25","Sales","B_NOME"
"Frase25","Training","B_NOME"
"Frase25","Session","B_NOME"
"Frase26","Crea","O"
"Frase26","una","O"
"Frase26","sala","O"
"Frase26","riunioni","B_TIPO_SCEN"
"Frase26","per","O"
"Frase26","il","O"
"Frase26","team","O"
"Frase26","di","O"
"Frase26","supporto","O"
"Frase26","con","O"
"Frase26","10","B_NUM_PART"
"Frase26","partecipanti","O"
"Frase26","e","O"
"Frase26","nominata","O"
"Frase26","Support","B_NOME"
"Frase26","Team","B_NOME"
"Frase26","Meeting","B_NOME"
"Frase27","Puoi","O"
"Frase27","creare","O"
"Frase27","una","O"
"Frase27","sala","O"
"Frase27","per","O"
"Frase27","il","O"
"Frase27","workshop","O"
"Frase27","creativo","O"
"Frase27","con","O"
"Frase27","30","B_NUM_PART"
"Frase27","partecipanti","O"
"Frase27","e","O"
"Frase27","chiamarla","O"
"Frase27","Creative","B_NOME"
"Frase27","Workshop","B_NOME"
"Frase28","Muxi","O"
"Frase28","crea","O"
"Frase28","una","O"
"Frase28","sala","O"
"Frase28","per","O"
"Frase28","il","O"
"Frase28","meeting","O"
"Frase28","del","O"
"Frase28","comitato","B_TIPO_SCEN"
"Frase28","esecutivo","B_TIPO_SCEN"
"Frase28","con","O"
"Frase28","12","B_NUM_PART"
"Frase28","partecipanti","O"
"Frase28","e","O"
"Frase28","nominata","O"
"Frase28","Executive","B_NOME"
"Frase28","Committee","B_NOME"
"Frase28","Meeting","B_NOME"
"Frase29","Crea","O"
"Frase29","una","O"
"Frase29","sala","O"
"Frase29","per","O"
"Frase29","la","O"
"Frase29","conferenza","O"
"Frase29","sulle","O"
"Frase29","risorse","B_TIPO_SCEN"
"Frase29","umane","B_TIPO_SCEN"
"Frase29","con","O"
"Frase29","40","B_NUM_PART"
"Frase29","partecipanti","O"
"Frase29","e","O"
"Frase29","chiamala","O"
"Frase29","HR","B_NOME"
"Frase29","Conference","B_NOME"
"Frase30","Puoi","O"
"Frase30","realizzare","O"
"Frase30","una","O"
"Frase30","stanza","O"
"Frase30","per","O"
"Frase30","la","O"
"Frase30","riunione","O"
"Frase30","di","O"
"Frase30","progetto","O"
"Frase30","con","O"
"Frase30","6","B_NUM_PART"
"Frase30","Puoi","O"
"Frase30","realizzare","O"
"Frase30","una","O"
"Frase30","stanza","O"
"Frase30","per","O"
"Frase30","la","O"
"Frase30","riunione","O"
"Frase30","di","O"
"Frase30","progetto","O"
"Frase30","con","O"
"Frase30","6","B_NUM_PART"
"Frase30","partecipanti","O"
"Frase30","e","O"
"Frase30","nominata","O"
"Frase30","Project","B_NOME"
"Frase30","Meeting","B_NOME"
"Frase31","Muxi","O"
"Frase31","crea","O"
"Frase31","una","O"
"Frase31","stanza","O"
"Frase31","per","O"
"Frase31","il","O"
"Frase31","brainstorming","O"
"Frase31","delle","O"
"Frase31","idee","O"
"Frase31","con","O"
"Frase31","10","B_NUM_PART"
"Frase31","partecipanti","O"
"Frase31","e","O"
"Frase31","chiamala","O"
"Frase31","Idea","B_NOME"
"Frase31","Generation","B_NOME"
"Frase31","Session","B_NOME"
"Frase32","Crea","O"
"Frase32","una","O"
"Frase32","sala","O"
"Frase32","conferenze","B_TIPO_SCEN"
"Frase32","per","O"
"Frase32","il","O"
"Frase32","workshop","O"
"Frase32","di","O"
"Frase32","design","O"
"Frase32","con","O"
"Frase32","25","B_NUM_PART"
"Frase32","partecipanti","O"
"Frase32","e","O"
"Frase32","nominata","O"
"Frase32","Design","B_NOME"
"Frase32","Workshop","B_NOME"
"Frase33","Puoi","O"
"Frase33","creare","O"
"Frase33","una","O"
"Frase33","sala","O"
"Frase33","per","O"
"Frase33","la","O"
"Frase33","riunione","O"
"Frase33","di","O"
"Frase33","pianificazione","O"
"Frase33","con","O"
"Frase33","8","B_NUM_PART"
"Frase33","partecipanti","O"
"Frase33","chiamata","O"
"Frase33","Planning","B_NOME"
"Frase33","Meeting","B_NOME"
"Frase34","Muxi","O"
"Frase34","crea","O"
"Frase34","una","O"
"Frase34","stanza","O"
"Frase34","per","O"
"Frase34","il","O"
"Frase34","training","O"
"Frase34","di","O"
"Frase34","vendita","O"
"Frase34","con","O"
"Frase34","15","B_NUM_PART"
"Frase34","partecipanti","O"
"Frase34","e","O"
"Frase34","chiamala","O"
"Frase34","Sales","B_NOME"
"Frase34","Training","B_NOME"
"Frase35","Crea","O"
"Frase35","una","O"
"Frase35","sala","O"
"Frase35","riunioni","B_TIPO_SCEN"
"Frase35","per","O"
"Frase35","il","O"
"Frase35","team","O"
"Frase35","di","O"
"Frase35","ricerca","O"
"Frase35","e","O"
"Frase35","sviluppo","O"
"Frase35","con","O"
"Frase35","10","B_NUM_PART"
"Frase35","partecipanti","O"
"Frase35","e","O"
"Frase35","nominata","O"
"Frase35","R&D","B_NOME"
"Frase35","Team","B_NOME"
"Frase35","Meeting","B_NOME"
"Frase36","Puoi","O"
"Frase36","realizzarmi","O"
"Frase36","una","O"
"Frase36","stanza","O"
"Frase36","per","O"
"Frase36","il","O"
"Frase36","workshop","O"
"Frase36","di","O"
"Frase36","branding","O"
"Frase36","con","O"
"Frase36","20","B_NUM_PART"
"Frase36","partecipanti","O"
"Frase36","chiamata","O"
"Frase36","Branding","B_NOME"
"Frase36","Workshop","B_NOME"
"Frase37","Muxi","O"
"Frase37","crea","O"
"Frase37","una","O"
"Frase37","stanza","O"
"Frase37","per","O"
"Frase37","il","O"
"Frase37","meeting","O"
"Frase37","del","O"
"Frase37","comitato","O"
"Frase37","di","O"
"Frase37","gestione","O"
"Frase37","con","O"
"Frase37","12","B_NUM_PART"
"Frase37","partecipanti","O"
"Frase37","e","O"
"Frase37","nominata","O"
"Frase37","Management","B_NOME"
"Frase37","Committee","B_NOME"
"Frase37","Meeting","B_NOME"
"Frase38","Crea","O"
"Frase38","una","O"
"Frase38","sala","O"
"Frase38","per","O"
"Frase38","la","O"
"Frase38","conferenza","O"
"Frase38","sulle","O"
"Frase38","tendenze","O"
"Frase38","del","O"
"Frase38","mercato","O"
"Frase38","con","O"
"Frase38","50","B_NUM_PART"
"Frase38","partecipanti","O"
"Frase38","e","O"
"Frase38","chiamala","O"
"Frase38","Market","B_NOME"
"Frase38","Trends","B_NOME"
"Frase38","Conference","B_NOME"
"Frase39","Puoi","O"
"Frase39","creare","O"
"Frase39","una","O"
"Frase39","sala","O"
"Frase39","per","O"
"Frase39","il","O"
"Frase39","workshop","O"
"Frase39","di","O"
"Frase39","leadership","O"
"Frase39","con","O"
"Frase39","15","B_NUM_PART"
"Frase39","partecipanti","O"
"Frase39","e","O"
"Frase39","chiamarla","O"
"Frase39","Leadership","B_NOME"
"Frase39","Workshop","B_NOME"
"Frase40","Muxi","O"
"Frase40","crea","O"
"Frase40","una","O"
"Frase40","stanza","O"
"Frase40","per","O"
"Frase40","il","O"
"Frase40","meeting","O"
"Frase40","del","O"
"Frase40","team","O"
"Frase40","di","O"
"Frase40","sviluppo","O"
"Frase40","software","O"
"Frase40","Muxi","O"
"Frase40","crea","O"
"Frase40","una","O"
"Frase40","stanza","O"
"Frase40","per","O"
"Frase40","il","O"
"Frase40","meeting","O"
"Frase40","del","O"
"Frase40","team","O"
"Frase40","di","O"
"Frase40","sviluppo","O"
"Frase40","software","O"
"Frase40","con","O"
"Frase40","8","B_NUM_PART"
"Frase40","partecipanti","O"
"Frase40","e","O"
"Frase40","nominata","O"
"Frase40","Software","B_NOME"
"Frase40","Development","B_NOME"
"Frase40","Team","B_NOME"
"Frase40","Meeting","B_NOME"
"Frase41","Crea","O"
"Frase41","una","O"
"Frase41","sala","O"
"Frase41","conferenze","B_TIPO_SCEN"
"Frase41","per","O"
"Frase41","il","O"
"Frase41","summit","O"
"Frase41","delle","O"
"Frase41","vendite","O"
"Frase41","con","O"
"Frase41","30","B_NUM_PART"
"Frase41","partecipanti","O"
"Frase41","e","O"
"Frase41","nominata","O"
"Frase41","Sales","B_NOME"
"Frase41","Summit","B_NOME"
"Frase42","Puoi","O"
"Frase42","realizzarmi","O"
"Frase42","una","O"
"Frase42","stanza","O"
"Frase42","per","O"
"Frase42","la","O"
"Frase42","riunione","O"
"Frase42","di","O"
"Frase42","valutazione","O"
"Frase42","delle","O"
"Frase42","strategie","O"
"Frase42","con","O"
"Frase42","6","B_NUM_PART"
"Frase42","partecipanti","O"
"Frase42","e","O"
"Frase42","nominata","O"
"Frase42","Strategy","B_NOME"
"Frase42","Evaluation","B_NOME"
"Frase42","Meeting","B_NOME"
"Frase43","Muxi","O"
"Frase43","crea","O"
"Frase43","una","O"
"Frase43","stanza","O"
"Frase43","per","O"
"Frase43","il","O"
"Frase43","brainstorming","O"
"Frase43","delle","O"
"Frase43","campagne","O"
"Frase43","pubblicitarie","O"
"Frase43","con","O"
"Frase43","10","B_NUM_PART"
"Frase43","partecipanti","O"
"Frase44","Puoi","O"
"Frase44","creare","O"
"Frase44","una","O"
"Frase44","sala","O"
"Frase44","per","O"
"Frase44","il","O"
"Frase44","workshop","O"
"Frase44","di","O"
"Frase44","team","O"
"Frase44","building","O"
"Frase44","con","O"
"Frase44","10","B_NUM_PART"
"Frase44","partecipanti","O"
"Frase44","chiamata","O"
"Frase44","Team","B_NOME"
"Frase44","Building","B_NOME"
"Frase44","Workshop","B_NOME"
"Frase45","Muxi","O"
"Frase45","crea","O"
"Frase45","una","O"
"Frase45","stanza","O"
"Frase45","per","O"
"Frase45","il","O"
"Frase45","meeting","O"
"Frase45","del","O"
"Frase45","gruppo","O"
"Frase45","di","O"
"Frase45","ricerca","O"
"Frase45","con","O"
"Frase45","8","B_NUM_PART"
"Frase45","partecipanti","O"
"Frase45","e","O"
"Frase45","chiamala","O"
"Frase45","Research","B_NOME"
"Frase45","Group","B_NOME"
"Frase45","Meeting","B_NOME"
"Frase46","Crea","O"
"Frase46","una","O"
"Frase46","sala","O"
"Frase46","conferenze","B_TIPO_SCEN"
"Frase46","per","O"
"Frase46","il","O"
"Frase46","summit","O"
"Frase46","delle","O"
"Frase46","risorse","O"
"Frase46","umane","O"
"Frase46","con","O"
"Frase46","50","B_NUM_PART"
"Frase46","partecipanti","O"
"Frase46","e","O"
"Frase46","nominata","O"
"Frase46","HR","B_NOME"
"Frase46","Summit","B_NOME"
"Frase47","Puoi","O"
"Frase47","realizzarmi","O"
"Frase47","una","O"
"Frase47","stanza","O"
"Frase47","per","O"
"Frase47","la","O"
"Frase47","riunione","O"
"Frase47","di","O"
"Frase47","pianificazione","O"
"Frase47","finanziaria","O"
"Frase47","con","O"
"Frase47","15","B_NUM_PART"
"Frase47","partecipanti","O"
"Frase47","chiamata","O"
"Frase47","Financial","B_NOME"
"Frase47","Planning","B_NOME"
"Frase47","Meeting","B_NOME"
"Frase48","Muxi","O"
"Frase48","crea","O"
"Frase48","una","O"
"Frase48","stanza","O"
"Frase48","per","O"
"Frase48","la","O"
"Frase48","sessione","O"
"Frase48","di","O"
"Frase48","formazione","O"
"Frase48","sui","O"
"Frase48","processi","O"
"Frase48","con","O"
"Frase48","20","B_NUM_PART"
"Frase48","partecipanti","O"
"Frase48","e","O"
"Frase48","chiamala","O"
"Frase48","Process","B_NOME"
"Frase48","Training","B_NOME"
"Frase48","Session","B_NOME"
"Frase49","Crea","O"
"Frase49","una","O"
"Frase49","sala","O"
"Frase49","riunioni","B_TIPO_SCEN"
"Frase49","per","O"
"Frase49","il","O"
"Frase49","team","O"
"Frase49","di","O"
"Frase49","customer","O"
"Frase49","service","O"
"Frase49","con","O"
"Frase49","12","B_NUM_PART"
"Frase49","partecipanti","O"
"Frase49","e","O"
"Frase49","nominata","O"
"Frase49","Customer","B_NOME"
"Frase49","Service","B_NOME"
"Frase49","Team","B_NOME"
"Frase49","Meeting","B_NOME"
"Frase50","Puoi","O"
"Frase50","creare","O"
"Frase50","una","O"
"Frase50","sala","O"
"Frase50","per","O"
"Frase50","il","O"
"Frase50","workshop","O"
"Frase50","di","O"
"Frase50","marketing","O"
"Frase50","Puoi","O"
"Frase50","creare","O"
"Frase50","una","O"
"Frase50","sala","O"
"Frase50","per","O"
"Frase50","il","O"
"Frase50","workshop","O"
"Frase50","di","O"
"Frase50","marketing","O"
"Frase50","digitale","O"
"Frase50","con","O"
"Frase50","30","B_NUM_PART"
"Frase50","partecipanti","O"
"Frase50","e","O"
"Frase50","chiamarla","O"
"Frase50","Digital","B_NOME"
"Frase50","Marketing","B_NOME"
"Frase50","Workshop","B_NOME"
"Frase50","Muxi","O"
"Frase50","crea","O"
"Frase50","una","O"
"Frase50","sala","O"
"Frase50","per","O"
"Frase50","il","O"
"Frase50","meeting","B_TIPO_SCEN"
"Frase50","del","O"
"Frase50","comitato","O"
"Frase50","di","O"
"Frase50","sviluppo","O"
"Frase50","con","O"
"Frase50","12","B_NUM_PART"
"Frase50","partecipanti","O"
"Frase50","e","O"
"Frase50","nominala","O"
"Frase50","Development","B_NOME"
"Frase50","Committee","B_NOME"
"Frase50","Meeting","B_NOME"
"Frase51","Crea","O"
"Frase51","una","O"
"Frase51","sala","O"
"Frase51","per","O"
"Frase51","la","O"
"Frase51","conferenza","B_TIPO_SCEN"
"Frase51","sulla","O"
"Frase51","sostenibilità","O"
"Frase51","con","O"
"Frase51","40","B_NUM_PART"
"Frase51","partecipanti","O"
"Frase51","e","O"
"Frase51","chiamala","O"
"Frase51","Sustainability","B_NOME"
"Frase51","Conference","B_NOME"
"Frase52","Puoi","O"
"Frase52","realizzare","O"
"Frase52","una","O"
"Frase52","stanza","O"
"Frase52","per","O"
"Frase52","il","O"
"Frase52","meeting","B_TIPO_SCEN"
"Frase52","di","O"
"Frase52","coordinamento","O"
"Frase52","con","O"
"Frase52","6","B_NUM_PART"
"Frase52","partecipanti","O"
"Frase52","e","O"
"Frase52","nominata","O"
"Frase52","Coordination","B_NOME"
"Frase52","Meeting","B_NOME"
"Frase53","Muxi","O"
"Frase53","crea","O"
"Frase53","una","O"
"Frase53","stanza","O"
"Frase53","per","O"
"Frase53","il","O"
"Frase53","brainstorming","O"
"Frase53","delle","O"
"Frase53","soluzioni","O"
"Frase53","con","O"
"Frase53","10","B_NUM_PART"
"Frase53","partecipanti","O"
"Frase53","e","O"
"Frase53","chiamala","O"
"Frase53","Solution","B_NOME"
"Frase53","Brainstorming","B_NOME"
"Frase53","Session","B_NOME"
"Frase54","Crea","O"
"Frase54","una","O"
"Frase54","sala","O"
"Frase54","conferenze","B_TIPO_SCEN"
"Frase54","per","O"
"Frase54","il","O"
"Frase54","workshop","O"
"Frase54","di","O"
"Frase54","marketing","O"
"Frase54","con","O"
"Frase54","influencer","O"
"Frase54","con","O"
"Frase54","25","B_NUM_PART"
"Frase54","partecipanti","O"
"Frase54","e","O"
"Frase54","nominata","O"
"Frase54","Influencer","B_NOME"
"Frase54","Marketing","B_NOME"
"Frase54","Workshop","B_NOME"
"Frase55","Puoi","O"
"Frase55","creare","O"
"Frase55","una","O"
"Frase55","sala","O"
"Frase55","per","O"
"Frase55","la","O"
"Frase55","riunione","B_TIPO_SCEN"
"Frase55","di","O"
"Frase55","valutazione","O"
"Frase55","delle","O"
"Frase55","prestazioni","O"
"Frase55","con","O"
"Frase55","8","B_NUM_PART"
"Frase55","partecipanti","O"
"Frase55","chiamata","O"
"Frase55","Performance","B_NOME"
"Frase55","Review","B_NOME"
"Frase55","Meeting","B_NOME"
"Frase56","Muxi","O"
"Frase56","crea","O"
"Frase56","una","O"
"Frase56","stanza","O"
"Frase56","per","O"
"Frase56","il","O"
"Frase56","training","O"
"Frase56","sulle","O"
"Frase56","competenze","O"
"Frase56","comunicative","O"
"Frase56","con","O"
"Frase56","15","B_NUM_PART"
"Frase56","partecipanti","O"
"Frase56","e","O"
"Frase56","chiamala","O"
"Frase56","Communication","B_NOME"
"Frase56","Skills","B_NOME"
"Frase56","Training","B_NOME"
"Frase57","Crea","O"
"Frase57","una","O"
"Frase57","sala","O"
"Frase57","riunioni","B_TIPO_SCEN"
"Frase57","per","O"
"Frase57","il","O"
"Frase57","team","O"
"Frase57","di","O"
"Frase57","project","O"
"Frase57","management","O"
"Frase57","con","O"
"Frase57","10","B_NUM_PART"
"Frase57","partecipanti","O"
"Frase57","e","O"
"Frase57","nominata","O"
"Frase57","Project","B_NOME"
"Frase57","Management","B_NOME"
"Frase57","Team","B_NOME"
"Frase57","Meeting","B_NOME"
"Frase58","Puoi","O"
"Frase58","realizzarmi","O"
"Frase58","una","O"
"Frase58","stanza","O"
"Frase58","per","O"
"Frase58","il","O"
"Frase58","workshop","O"
"Frase58","di","O"
"Frase58","prodotto","O"
"Frase58","con","O"
"Frase58","20","B_NUM_PART"
"Frase58","partecipanti","O"
"Frase58","chiamata","O"
"Frase58","Product","B_NOME"
"Frase58","Workshop","B_NOME"
"Frase59","Muxi","O"
"Frase59","crea","O"
"Frase59","una","O"
"Frase59","stanza","O"
"Frase59","per","O"
"Frase59","il","O"
"Frase59","meeting","B_TIPO_SCEN"
"Frase59","del","O"
"Frase59","comitato","O"
"Frase59","di","O"
"Frase59","amministrazione","O"
"Frase59","con","O"
"Frase59","12","B_NUM_PART"
"Frase59","partecipanti","O"
"Frase59","e","O"
"Frase59","nominala","O"
"Frase59","Board","B_NOME"
"Frase59","Committee","B_NOME"
"Frase59","Meeting","B_NOME"
"Frase60","Crea","O"
"Frase60","una","O"
"Frase60","sala","O"
"Frase60","per","O"
"Frase60","la","O"
"Frase60","conferenza","B_TIPO_SCEN"
"Frase60","sulle","O"
"Frase60","tendenze","O"
"Frase60","del","O"
"Frase60","mercato","O"
"Frase60","con","O"
"Frase60","50","B_NUM_PART"
"Frase60","partecipanti","O"
"Frase60","e","O"
"Frase60","chiamala","O"
"Frase60","Market","B_NOME"
"Frase60","Trends","B_NOME"
"Frase60","Conference","B_NOME"
"Frase61","Puoi","O"
"Frase61","creare","O"
"Frase61","una","O"
"Frase61","sala","O"
"Frase61","per","O"
"Frase61","il","O"
"Frase61","workshop","O"
"Frase61","di","O"
"Frase61","leadership","O"
"Frase61","con","O"
"Frase61","15","B_NUM_PART"
"Frase61","partecipanti","O"
"Frase61","e","O"
"Frase61","chiamarla","O"
"Frase61","Leadership","B_NOME"
"Frase61","Workshop","B_NOME"
"Frase62","Muxi","O"
"Frase62","crea","O"
"Frase62","una","O"
"Frase62","sala","O"
"Frase62","per","O"
"Frase62","il","O"
"Frase62","meeting","B_TIPO_SCEN"
"Frase62","del","O"
"Frase62","team","O"
"Frase62","di","O"
"Frase62","sviluppo","O"
"Frase62","software","O"
"Frase62","con","O"
"Frase62","8","B_NUM_PART"
"Frase62","partecipanti","O"
"Frase62","e","O"
"Frase62","nominata","O"
"Frase62","Software","B_NOME"
"Frase62","Development","B_NOME"
"Frase62","Team","B_NOME"
"Frase62","Meeting","B_NOME"
"Frase63","Crea","O"
"Frase63","una","O"
"Frase63","sala","O"
"Frase63","conferenze","B_TIPO_SCEN"
"Frase63","per","O"
"Frase63","il","O"
"Frase63","summit","O"
"Frase63","delle","O"
"Frase63","vendite","O"
"Frase63","con","O"
"Frase63","30","B_NUM_PART"
"Frase63","partecipanti","O"
"Frase63","e","O"
"Frase63","nominata","O"
"Frase63","Sales","B_NOME"
"Frase63","Summit","B_NOME"
"Frase64","Puoi","O"
"Frase64","realizzare","O"
"Frase64","una","O"
"Frase64","stanza","O"
"Frase64","per","O"
"Frase64","la","O"
"Frase64","riunione","B_TIPO_SCEN"
"Frase64","di","O"
"Frase64","valutazione","O"
"Frase64","delle","O"
"Frase64","strategie","O"
"Frase64","con","O"
"Frase64","6","B_NUM_PART"
"Frase64","partecipanti","O"
"Frase64","e","O"
"Frase64","nominata","O"
"Frase64","Strategy","B_NOME"
"Frase64","Evaluation","B_NOME"
"Frase64","Meeting","B_NOME"
"Frase65","Muxi","O"
"Frase65","crea","O"
"Frase65","una","O"
"Frase65","stanza","O"
"Frase65","per","O"
"Frase65","il","O"
"Frase65","brainstorming","O"
"Frase65","delle","O"
"Frase65","campagne","O"
"Frase65","pubblicitarie","O"
"Frase65","con","O"
"Frase65","10","B_NUM_PART"
"Frase65","partecipanti","O"
"Frase66","Puoi","O"
"Frase66","creare","O"
"Frase66","una","O"
"Frase66","sala","O"
"Frase66","per","O"
"Frase66","il","O"
"Frase66","workshop","O"
"Frase66","di","O"
"Frase66","team","O"
"Frase66","building","O"
"Frase66","con","O"
"Frase66","10","B_NUM_PART"
"Frase66","partecipanti","O"
"Frase66","chiamata","O"
"Frase66","Team","B_NOME"
"Frase66","Building","B_NOME"
"Frase66","Workshop","B_NOME"
"Frase67","Muxi","O"
"Frase67","crea","O"
"Frase67","una","O"
"Frase67","stanza","O"
"Frase67","per","O"
"Frase67","il","O"
"Frase67","meeting","B_TIPO_SCEN"
"Frase67","del","O"
"Frase67","gruppo","O"
"Frase67","di","O"
"Frase67","ricerca","O"
"Frase67","con","O"
"Frase67","8","B_NUM_PART"
"Frase67","partecipanti","O"
"Frase67","e","O"
"Frase67","chiamala","O"
"Frase67","Research","B_NOME"
"Frase67","Group","B_NOME"
"Frase67","Meeting","B_NOME"
"Frase68","Crea","O"
"Frase68","una","O"
"Frase68","sala","O"
"Frase68","conferenze","B_TIPO_SCEN"
"Frase68","per","O"
"Frase68","il","O"
"Frase68","summit","O"
"Frase68","delle","O"
"Frase68","risorse","O"
"Frase68","umane","O"
"Frase68","con","O"
"Frase68","50","B_NUM_PART"
"Frase68","partecipanti","O"
"Frase68","e","O"
"Frase68","nominata","O"
"Frase68","HR","B_NOME"
"Frase68","Summit","B_NOME"
"Frase69","Puoi","O"
"Frase69","realizzarmi","O"
"Frase69","una","O"
"Frase69","stanza","O"
"Frase69","per","O"
"Frase69","la","O"
"Frase69","riunione","B_TIPO_SCEN"
"Frase69","di","O"
"Frase69","pianificazione","O"
"Frase69","finanziaria","O"
"Frase69","con","O"
"Frase69","15","B_NUM_PART"
"Frase69","partecipanti","O"
"Frase69","chiamata","O"
"Frase69","Financial","B_NOME"
"Frase69","Planning","B_NOME"
"Frase69","Meeting","B_NOME"
"Frase70","Muxi","O"
"Frase70","crea","O"
"Frase70","una","O"
"Frase70","stanza","O"
"Frase70","per","O"
"Frase70","la","O"
"Frase70","sessione","O"
"Frase70","di","O"
"Frase70","formazione","O"
"Frase70","sui","O"
"Frase70","processi","O"
"Frase70","con","O"
"Frase70","20","B_NUM_PART"
"Frase70","partecipanti","O"
"Frase70","e","O"
"Frase70","chiamala","O"
"Frase70","Process","B_NOME"
"Frase70","Training","B_NOME"
"Frase70","Session","B_NOME"
"Frase71","Crea","O"
"Frase71","una","O"
"Frase71","sala","O"
"Frase71","riunioni","B_TIPO_SCEN"
"Frase71","per","O"
"Frase71","il","O"
"Frase71","team","O"
"Frase71","di","O"
"Frase71","customer","O"
"Frase71","service","O"
"Frase71","con","O"
"Frase71","12","B_NUM_PART"
"Frase71","partecipanti","O"
"Frase71","e","O"
"Frase71","nominata","O"
"Frase71","Customer","B_NOME"
"Frase71","Service","B_NOME"
"Frase71","Team","B_NOME"
"Frase71","Meeting","B_NOME"
"Frase72","Puoi","O"
"Frase72","creare","O"
"Frase72","una","O"
"Frase72","sala","O"
"Frase72","per","O"
"Frase72","il","O"
"Frase72","workshop","O"
"Frase72","di","O"
"Frase72","marketing","O"
"Frase72","digitale","O"
"Frase72","con","O"
"Frase72","30","B_NUM_PART"
"Frase72","partecipanti","O"
"Frase72","e","O"
"Frase72","chiamarla","O"
"Frase72","Digital","B_NOME"
"Frase72","Marketing","B_NOME"
"Frase72","Workshop","B_NOME"
"Frase73","Muxi","O"
"Frase73","crea","O"
"Frase73","una","O"
"Frase73","stanza","O"
"Frase73","per","O"
"Frase73","il","O"
"Frase73","meeting","B_TIPO_SCEN"
"Frase73","del","O"
"Frase73","comitato","O"
"Frase73","di","O"
"Frase73","sviluppo","O"
"Frase73","con","O"
"Frase73","12","B_NUM_PART"
"Frase73","partecipanti","O"
"Frase73","e","O"
"Frase73","nominala","O"
"Frase73","Development","B_NOME"
"Frase73","Committee","B_NOME"
"Frase73","Meeting","B_NOME"
"Frase74","Crea","O"
"Frase74","una","O"
"Frase74","sala","O"
"Frase74","per","O"
"Frase74","la","O"
"Frase74","conferenza","B_TIPO_SCEN"
"Frase74","sulla","O"
"Frase74","sostenibilità","O"
"Frase74","con","O"
"Frase74","40","B_NUM_PART"
"Frase74","partecipanti","O"
"Frase74","e","O"
"Frase74","chiamala","O"
"Frase74","Sustainability","B_NOME"
"Frase74","Conference","B_NOME"
"Frase75","Puoi","O"
"Frase75","realizzare","O"
"Frase75","una","O"
"Frase75","stanza","O"
"Frase75","per","O"
"Frase75","la","O"
"Frase75","riunione","B_TIPO_SCEN"
"Frase75","di","O"
"Frase75","coordinamento","O"
"Frase75","con","O"
"Frase75","6","B_NUM_PART"
"Frase75","partecipanti","O"
"Frase75","e","O"
"Frase75","nominata","O"
"Frase75","Coordination","B_NOME"
"Frase75","Meeting","B_NOME"
"Frase76","Muxi","O"
"Frase76","crea","O"
"Frase76","una","O"
"Frase76","stanza","O"
"Frase76","per","O"
"Frase76","il","O"
"Frase76","brainstorming","O"
"Frase76","delle","O"
"Frase76","soluzioni","O"
"Frase76","con","O"
"Frase76","10","B_NUM_PART"
"Frase76","partecipanti","O"
"Frase76","e","O"
"Frase76","chiamala","O"
"Frase76","Solution","B_NOME"
"Frase76","Brainstorming","B_NOME"
"Frase76","Session","B_NOME"
"Frase77","Crea","O"
"Frase77","una","O"
"Frase77","sala","O"
"Frase77","conferenze","B_TIPO_SCEN"
"Frase77","per","O"
"Frase77","il","O"
"Frase77","workshop","O"
"Frase77","di","O"
"Frase77","marketing","O"
"Frase77","con","O"
"Frase77","influencer","O"
"Frase77","con","O"
"Frase77","25","B_NUM_PART"
"Frase77","partecipanti","O"
"Frase77","e","O"
"Frase77","nominata","O"
"Frase77","Influencer","B_NOME"
"Frase77","Marketing","B_NOME"
"Frase77","Workshop","B_NOME"
"Frase78","Puoi","O"
"Frase78","creare","O"
"Frase78","una","O"
"Frase78","sala","O"
"Frase78","per","O"
"Frase78","la","O"
"Frase78","riunione","B_TIPO_SCEN"
"Frase78","di","O"
"Frase78","valutazione","O"
"Frase78","delle","O"
"Frase78","prestazioni","O"
"Frase78","con","O"
"Frase78","8","B_NUM_PART"
"Frase78","partecipanti","O"
"Frase78","chiamata","O"
"Frase78","Performance","B_NOME"
"Frase78","Review","B_NOME"
"Frase78","Meeting","B_NOME"
"Frase79","Muxi","O"
"Frase79","crea","O"
"Frase79","una","O"
"Frase79","stanza","O"
"Frase79","per","O"
"Frase79","il","O"
"Frase79","training","O"
"Frase79","sulle","O"
"Frase79","competenze","O"
"Frase79","comunicative","O"
"Frase79","con","O"
"Frase79","15","B_NUM_PART"
"Frase79","partecipanti","O"
"Frase79","e","O"
"Frase79","chiamala","O"
"Frase79","Communication","B_NOME"
"Frase79","Skills","B_NOME"
"Frase79","Training","B_NOME"
"Frase80","Crea","O"
"Frase80","una","O"
"Frase80","sala","O"
"Frase80","riunioni","B_TIPO_SCEN"
"Frase80","per","O"
"Frase80","il","O"
"Frase80","team","O"
"Frase80","di","O"
"Frase80","project","O"
"Frase80","management","O"
"Frase80","con","O"
"Frase80","10","B_NUM_PART"
"Frase80","partecipanti","O"
"Frase80","e","O"
"Frase80","nominata","O"
"Frase80","Project","B_NOME"
"Frase80","Management","B_NOME"
"Frase80","Team","B_NOME"
"Frase80","Meeting","B_NOME"
"Frase81","Puoi","O"
"Frase81","realizzarmi","O"
"Frase81","una","O"
"Frase81","stanza","O"
"Frase81","per","O"
"Frase81","il","O"
"Frase81","workshop","O"
"Frase81","di","O"
"Frase81","Puoi","O"
"Frase81","realizzarmi","O"
"Frase81","una","O"
"Frase81","stanza","O"
"Frase81","per","O"
"Frase81","il","O"
"Frase81","workshop","O"
"Frase81","di","O"
"Frase81","prodotto","O"
"Frase81","con","O"
"Frase81","20","B_NUM_PART"
"Frase81","partecipanti","O"
"Frase81","chiamata","O"
"Frase81","Product","B_NOME"
"Frase81","Workshop","B_NOME"
"Frase82","Muxi","O"
"Frase82","crea","O"
"Frase82","una","O"
"Frase82","stanza","O"
"Frase82","per","O"
"Frase82","il","O"
"Frase82","meeting","B_TIPO_SCEN"
"Frase82","del","O"
"Frase82","comitato","O"
"Frase82","di","O"
"Frase82","amministrazione","O"
"Frase82","con","O"
"Frase82","12","B_NUM_PART"
"Frase82","partecipanti","O"
"Frase82","e","O"
"Frase82","nominala","O"
"Frase82","Board","B_NOME"
"Frase82","Committee","B_NOME"
"Frase82","Meeting","B_NOME"
"Frase83","Crea","O"
"Frase83","una","O"
"Frase83","sala","O"
"Frase83","per","O"
"Frase83","la","O"
"Frase83","conferenza","B_TIPO_SCEN"
"Frase83","sulle","O"
"Frase83","tendenze","O"
"Frase83","del","O"
"Frase83","mercato","O"
"Frase83","con","O"
"Frase83","50","B_NUM_PART"
"Frase83","partecipanti","O"
"Frase83","e","O"
"Frase83","chiamala","O"
"Frase83","Market","B_NOME"
"Frase83","Trends","B_NOME"
"Frase83","Conference","B_NOME"
"Frase84","Puoi","O"
"Frase84","creare","O"
"Frase84","una","O"
"Frase84","sala","O"
"Frase84","per","O"
"Frase84","il","O"
"Frase84","workshop","O"
"Frase84","di","O"
"Frase84","leadership","O"
"Frase84","con","O"
"Frase84","15","B_NUM_PART"
"Frase84","partecipanti","O"
"Frase84","e","O"
"Frase84","chiamarla","O"
"Frase84","Leadership","B_NOME"
"Frase84","Workshop","B_NOME"
"Frase85","Muxi","O"
"Frase85","crea","O"
"Frase85","una","O"
"Frase85","stanza","O"
"Frase85","per","O"
"Frase85","il","O"
"Frase85","meeting","B_TIPO_SCEN"
"Frase85","del","O"
"Frase85","team","O"
"Frase85","di","O"
"Frase85","sviluppo","O"
"Frase85","software","O"
"Frase85","con","O"
"Frase85","8","B_NUM_PART"
"Frase85","partecipanti","O"
"Frase85","e","O"
"Frase85","nominala","O"
"Frase85","Software","B_NOME"
"Frase85","Development","B_NOME"
"Frase85","Team","B_NOME"
"Frase85","Meeting","B_NOME"
"Frase86","Crea","O"
"Frase86","una","O"
"Frase86","sala","O"
"Frase86","conferenze","B_TIPO_SCEN"
"Frase86","per","O"
"Frase86","il","O"
"Frase86","summit","O"
"Frase86","delle","O"
"Frase86","vendite","O"
"Frase86","con","O"
"Frase86","30","B_NUM_PART"
"Frase86","partecipanti","O"
"Frase86","e","O"
"Frase86","nominata","O"
"Frase86","Sales","B_NOME"
"Frase86","Summit","B_NOME"
"Frase87","Puoi","O"
"Frase87","realizzare","O"
"Frase87","una","O"
"Frase87","stanza","O"
"Frase87","per","O"
"Frase87","la","O"
"Frase87","riunione","B_TIPO_SCEN"
"Frase87","di","O"
"Frase87","valutazione","O"
"Frase87","delle","O"
"Frase87","strategie","O"
"Frase87","con","O"
"Frase87","6","B_NUM_PART"
"Frase87","partecipanti","O"
"Frase87","Puoi","O"
"Frase87","realizzare","O"
"Frase87","una","O"
"Frase87","stanza","O"
"Frase87","per","O"
"Frase87","la","O"
"Frase87","riunione","B_TIPO_SCEN"
"Frase87","di","O"
"Frase87","valutazione","O"
"Frase87","delle","O"
"Frase87","strategie","O"
"Frase87","con","O"
"Frase87","6","B_NUM_PART"
"Frase87","partecipanti","O"
"Frase87","e","O"
"Frase87","nominata","O"
"Frase87","Strategy","B_NOME"
"Frase87","Evaluation","B_NOME"
"Frase87","Meeting","B_NOME"
"Frase88","Muxi","O"
"Frase88","crea","O"
"Frase88","una","O"
"Frase88","stanza","O"
"Frase88","per","O"
"Frase88","il","O"
"Frase88","brainstorming","O"
"Frase88","delle","O"
"Frase88","campagne","O"
"Frase88","pubblicitarie","O"
"Frase88","con","O"
"Frase88","10","B_NUM_PART"
"Frase88","partecipanti","O"
"Frase89","Puoi","O"
"Frase89","creare","O"
"Frase89","una","O"
"Frase89","sala","O"
"Frase89","per","O"
"Frase89","il","O"
"Frase89","workshop","O"
"Frase89","di","O"
"Frase89","team","O"
"Frase89","building","O"
"Frase89","con","O"
"Frase89","10","B_NUM_PART"
"Frase89","partecipanti","O"
"Frase89","chiamata","O"
"Frase89","Team","B_NOME"
"Frase89","Building","B_NOME"
"Frase89","Workshop","B_NOME"
"Frase90","Muxi","O"
"Frase90","crea","O"
"Frase90","una","O"
"Frase90","stanza","O"
"Frase90","per","O"
"Frase90","il","O"
"Frase90","meeting","B_TIPO_SCEN"
"Frase90","del","O"
"Frase90","gruppo","O"
"Frase90","di","O"
"Frase90","ricerca","O"
"Frase90","con","O"
"Frase90","8","B_NUM_PART"
"Frase90","partecipanti","O"
"Frase90","e","O"
"Frase90","chiamala","O"
"Frase90","Research","B_NOME"
"Frase90","Group","B_NOME"
"Frase90","Meeting","B_NOME"
"Frase91","Crea","O"
"Frase91","una","O"
"Frase91","sala","O"
"Frase91","conferenze","B_TIPO_SCEN"
"Frase91","per","O"
"Frase91","il","O"
"Frase91","summit","O"
"Frase91","delle","O"
"Frase91","risorse","O"
"Frase91","umane","O"
"Frase91","con","O"
"Frase91","50","B_NUM_PART"
"Frase91","partecipanti","O"
"Frase91","e","O"
"Frase91","nominata","O"
"Frase91","HR","B_NOME"
"Frase91","Summit","B_NOME"
"Frase92","Puoi","O"
"Frase92","realizzarmi","O"
"Frase92","una","O"
"Frase92","stanza","O"
"Frase92","per","O"
"Frase92","la","O"
"Frase92","riunione","B_TIPO_SCEN"
"Frase92","di","O"
"Frase92","pianificazione","O"
"Frase92","finanziaria","O"
"Frase92","con","O"
"Frase92","15","B_NUM_PART"
"Frase92","partecipanti","O"
"Frase92","chiamata","O"
"Frase92","Financial","B_NOME"
"Frase92","Planning","B_NOME"
"Frase92","Meeting","B_NOME"
"Frase93","Muxi","O"
"Frase93","crea","O"
"Frase93","una","O"
"Frase93","stanza","O"
"Frase93","per","O"
"Frase93","la","O"
"Frase93","sessione","O"
"Frase93","di","O"
"Frase93","formazione","O"
"Frase93","sui","O"
"Frase93","processi","O"
"Frase93","con","O"
"Frase93","20","B_NUM_PART"
"Frase93","partecipanti","O"
"Frase93","e","O"
"Frase93","chiamala","O"
"Frase93","Process","B_NOME"
"Frase93","Training","B_NOME"
"Frase93","Session","B_NOME"
"Frase94","Crea","O"
"Frase94","una","O"
"Frase94","sala","O"
"Frase94","riunioni","B_TIPO_SCEN"
"Frase94","per","O"
"Frase94","il","O"
"Frase94","team","O"
"Frase94","di","O"
"Frase94","Crea","O"
"Frase94","una","O"
"Frase94","sala","O"
"Frase94","riunioni","B_TIPO_SCEN"
"Frase94","per","O"
"Frase94","il","O"
"Frase94","team","O"
"Frase94","di","O"
"Frase94","customer","O"
"Frase94","service","O"
"Frase94","con","O"
"Frase94","12","B_NUM_PART"
"Frase94","partecipanti","O"
"Frase94","e","O"
"Frase94","nominata","O"
"Frase94","Customer","B_NOME"
"Frase94","Service","B_NOME"
"Frase94","Team","B_NOME"
"Frase94","Meeting","B_NOME"
"Frase95","Puoi","O"
"Frase95","creare","O"
"Frase95","una","O"
"Frase95","sala","O"
"Frase95","per","O"
"Frase95","il","O"
"Frase95","workshop","O"
"Frase95","di","O"
"Frase95","marketing","O"
"Frase95","digitale","O"
"Frase95","con","O"
"Frase95","30","B_NUM_PART"
"Frase95","partecipanti","O"
"Frase95","e","O"
"Frase95","chiamarla","O"
"Frase95","Digital","B_NOME"
"Frase95","Marketing","B_NOME"
"Frase95","Workshop","B_NOME"
"Frase96","Muxi","O"
"Frase96","crea","O"
"Frase96","una","O"
"Frase96","stanza","O"
"Frase96","per","O"
"Frase96","il","O"
"Frase96","meeting","B_TIPO_SCEN"
"Frase96","del","O"
"Frase96","comitato","O"
"Frase96","di","O"
"Frase96","sviluppo","O"
"Frase96","con","O"
"Frase96","12","B_NUM_PART"
"Frase96","partecipanti","O"
"Frase96","e","O"
"Frase96","nominala","O"
"Frase96","Development","B_NOME"
"Frase96","Committee","B_NOME"
"Frase96","Meeting","B_NOME"
"Frase97","Crea","O"
"Frase97","una","O"
"Frase97","sala","O"
"Frase97","per","O"
"Frase97","la","O"
"Frase97","conferenza","B_TIPO_SCEN"
"Frase97","sulle","O"
"Frase97","tendenze","O"
"Frase97","del","O"
"Frase97","mercato","O"
"Frase97","con","O"
"Frase97","50","B_NUM_PART"
"Frase97","partecipanti","O"
"Frase97","e","O"
"Frase97","chiamala","O"
"Frase97","Market","B_NOME"
"Frase97","Trends","B_NOME"
"Frase97","Conference","B_NOME"
"Frase98","Puoi","O"
"Frase98","creare","O"
"Frase98","una","O"
"Frase98","sala","O"
"Frase98","per","O"
"Frase98","il","O"
"Frase98","workshop","O"
"Frase98","di","O"
"Frase98","leadership","O"
"Frase98","con","O"
"Frase98","15","B_NUM_PART"
"Frase98","partecipanti","O"
"Frase98","e","O"
"Frase98","chiamarla","O"
"Frase98","Leadership","B_NOME"
"Frase98","Workshop","B_NOME"
"Frase99","Muxi","O"
"Frase99","crea","O"
"Frase99","una","O"
"Frase99","stanza","O"
"Frase99","per","O"
"Frase99","il","O"
"Frase99","meeting","B_TIPO_SCEN"
"Frase99","del","O"
"Frase99","team","O"
"Frase99","di","O"
"Frase99","sviluppo","O"
"Frase99","software","O"
"Frase99","con","O"
"Frase99","8","B_NUM_PART"
"Frase99","partecipanti","O"
"Frase99","e","O"
"Frase99","nominata","O"
"Frase99","Software","B_NOME"
"Frase99","Development","B_NOME"
"Frase99","Team","B_NOME"
"Frase99","Meeting","B_NOME"
"Frase100","Crea","O"
"Frase100","una","O"
"Frase100","sala","O"
"Frase100","conferenze","B_TIPO_SCEN"
"Frase100","per","O"
"Frase100","il","O"
"Frase100","summit","O"
"Frase100","delle","O"
"Frase100","vendite","O"
"Frase100","con","O"
"Frase100","30","B_NUM_PART"
"Frase100","partecipanti","O"
"Frase100","e","O"
"Frase100","nominata","O"
"Frase100","Sales","B_NOME"
"Frase100","Summit","B_NOME"
"Frase101","Per","O"
"Frase101","favore","O"
"Frase101","crea","O"
"Frase101","una","O"
"Frase101","nuova","O"
"Frase101","stanza","O"
"Frase101","riunione","B_TIPO_SCEN"
"Frase101","per","O"
"Frase101","12","B_NUM_PART"
"Frase101","persone","O"
"Frase101","chiamata","O"
"Frase101","Riunione","B_NOME"
"Frase101","settimanale","B_NOME"
"Frase102","Puoi","O"
"Frase102","creare","O"
"Frase102","una","O"
"Frase102","sala","O"
"Frase102","conferenza","B_TIPO_SCEN"
"Frase102","per","O"
"Frase102","20","B_NUM_PART"
"Frase102","partecipanti","O"
"Frase102","con","O"
"Frase102","nome","O"
"Frase102","Presentazione","B_NOME"
"Frase102","trimestrale","B_NOME"
"Frase103","Vorrei","O"
"Frase103","una","O"
"Frase103","nuova","O"
"Frase103","stanza","O"
"Frase103","riunione","B_TIPO_SCEN"
"Frase103","per","O"
"Frase103","15","B_NUM_PART"
"Frase103","persone","O"
"Frase103","chiamata","O"
"Frase103","Riunione","B_NOME"
"Frase103","marketing","B_NOME"
"Frase104","Crea","O"
"Frase104","per","O"
"Frase104","favore","O"
"Frase104","una","O"
"Frase104","sala","O"
"Frase104","collaborazione","B_TIPO_SCEN"
"Frase104","per","O"
"Frase104","8","B_NUM_PART"
"Frase104","partecipanti","O"
"Frase104","con","O"
"Frase104","nome","O"
"Frase104","Sessione","B_NOME"
"Frase104","creativa","B_NOME"
"Frase105","Puoi","O"
"Frase105","creare","O"
"Frase105","una","O"
"Frase105","stanza","O"
"Frase105","riunione","B_TIPO_SCEN"
"Frase105","per","O"
"Frase105","10","B_NUM_PART"
"Frase105","persone","O"
"Frase105","chiamata","O"
"Frase105","Riunione","B_NOME"
"Frase105","vendite","B_NOME"
"Frase106","Vorrei","O"
"Frase106","una","O"
"Frase106","nuova","O"
"Frase106","sala","O"
"Frase106","conferenza","B_TIPO_SCEN"
"Frase106","per","O"
"Frase106","30","B_NUM_PART"
"Frase106","partecipanti","O"
"Frase106","con","O"
"Frase106","nome","O"
"Frase106","Presentazione","B_NOME"
"Frase106","annua","B_NOME"
"Frase107","Per","O"
"Frase107","favore","O"
"Frase107","creare","O"
"Frase107","una","O"
"Frase107","stanza","O"
"Frase107","riunione","B_TIPO_SCEN"
"Frase107","per","O"
"Frase107","12","B_NUM_PART"
"Frase107","persone","O"
"Frase107","chiamata","O"
"Frase107","Riunione","B_NOME"
"Frase107","Risorse","B_NOME"
"Frase107","Umane","B_NOME"
"Frase108","Puoi","O"
"Frase108","crearmi","O"
"Frase108","una","O"
"Frase108","sala","O"
"Frase108","collaborazione","B_TIPO_SCEN"
"Frase108","per","O"
"Frase108","6","B_NUM_PART"
"Frase108","partecipanti","O"
"Frase108","con","O"
"Frase108","nome","O"
"Frase108","Brainstorming","B_NOME"
"Frase108","prodotto","B_NOME"
"Frase109","Vorrei","O"
"Frase109","una","O"
"Frase109","nuova","O"
"Frase109","stanza","O"
"Frase109","riunione","B_TIPO_SCEN"
"Frase109","per","O"
"Frase109","8","B_NUM_PART"
"Frase109","persone","O"
"Frase109","chiamata","O"
"Frase109","Riunione","B_NOME"
"Frase109","settimanale","B_NOME"
"Frase109","IT","B_NOME"
"Frase110","creami","O"
"Frase110","una","O"
"Frase110","sala","O"
"Frase110","conferenza","B_TIPO_SCEN"
"Frase110","per","O"
"Frase110","50","B_NUM_PART"
"Frase110","partecipanti","O"
"Frase110","con","O"
"Frase110","nome","O"
"Frase110","Presentazione","B_NOME"
"Frase110","finale","B_NOME"
"Frase111","Puoi","O"
"Frase111","creare","O"
"Frase111","una","O"
"Frase111","stanza","O"
"Frase111","riunione","B_TIPO_SCEN"
"Frase111","per","O"
"Frase111","10","B_NUM_PART"
"Frase111","persone","O"
"Frase111","chiamata","O"
"Frase111","Riunione","B_NOME"
"Frase111","settimanale","B_NOME"
"Frase111","vendite","B_NOME"
"Frase112","Vorrei","O"
"Frase112","una","O"
"Frase112","nuova","O"
"Frase112","sala","O"
"Frase112","conferenza","B_TIPO_SCEN"
"Frase112","per","O"
"Frase112","30","B_NUM_PART"
"Frase112","partecipanti","O"
"Frase112","con","O"
"Frase112","nome","O"
"Frase112","Presentazione","B_NOME"
"Frase112","semestrale","B_NOME"
"Frase113","crea","O"
"Frase113","una","O"
"Frase113","stanza","O"
"Frase113","riunione","B_TIPO_SCEN"
"Frase113","per","O"
"Frase113","15","B_NUM_PART"
"Frase113","persone","O"
"Frase113","chiamata","O"
"Frase113","Riunione","B_NOME"
"Frase113","commerciale","B_NOME"
"Frase114","Puoi","O"
"Frase114","crearmi","O"
"Frase114","una","O"
"Frase114","sala","O"
"Frase114","collaborazione","B_TIPO_SCEN"
"Frase114","per","O"
"Frase114","10","B_NUM_PART"
"Frase114","partecipanti","O"
"Frase114","campagna","B_NOME"
"Frase115","Vorrei","O"
"Frase115","una","O"
"Frase115","nuova","O"
"Frase115","stanza","O"
"Frase115","riunione","B_TIPO_SCEN"
"Frase115","per","O"
"Frase115","6","B_NUM_PART"
"Frase115","persone","O"
"Frase115","chiamata","O"
"Frase115","Riunione","B_NOME"
"Frase115","contabilità","B_NOME"
"Frase116","creami","O"
"Frase116","sala","O"
"Frase116","conferenza","B_TIPO_SCEN"
"Frase116","per","O"
"Frase116","100","B_NUM_PART"
"Frase116","partecipanti","O"
"Frase116","con","O"
"Frase116","nome","O"
"Frase116","Presentazione","B_NOME"
"Frase116","annuale","B_NOME"
"Frase117","Puoi","O"
"Frase117","creare","O"
"Frase117","una","O"
"Frase117","stanza","O"
"Frase117","riunione","B_TIPO_SCEN"
"Frase117","per","O"
"Frase117","12","B_NUM_PART"
"Frase117","persone","O"
"Frase117","chiamata","O"
"Frase117","Riunione","B_NOME"
"Frase117","marketing","B_NOME"
"Frase117","strategico","B_NOME"
"Frase118","Vorrei","O"
"Frase118","una","O"
"Frase118","nuova","O"
"Frase118","sala","O"
"Frase118","conferenza","B_TIPO_SCEN"
"Frase118","per","O"
"Frase118","50","B_NUM_PART"
"Frase118","partecipanti","O"
"Frase118","con","O"
"Frase118","nome","O"
"Frase118","Assemblea","B_NOME"
"Frase118","azionisti","B_NOME"
"Frase119","chiamata","O"
"Frase119","Riunione","B_NOME"
"Frase119","settimanale","B_NOME"
"Frase120","Crea","O"
"Frase120","una","O"
"Frase120","sala","O"
"Frase120","per","O"
"Frase120","20","B_NUM_PART"
"Frase120","partecipanti","O"
"Frase120","con","O"
"Frase120","nome","O"
"Frase120","Presentazione","B_NOME"
"Frase120","trimestrale","B_NOME"
"Frase121","Vorrei","O"
"Frase121","una","O"
"Frase121","nuova","O"
"Frase121","stanza","O"
"Frase121","riunione","B_TIPO_SCEN"
"Frase121","per","O"
"Frase121","15","B_NUM_PART"
"Frase121","persone","O"
"Frase121","chiamata","O"
"Frase121","Riunione","B_NOME"
"Frase121","marketing","B_NOME"
"Frase122","Crea","O"
"Frase122","una","O"
"Frase122","sala","O"
"Frase122","8","B_NUM_PART"
"Frase122","partecipanti","O"
"Frase122","con","O"
"Frase122","nome","O"
"Frase122","Sessione","B_NOME"
"Frase122","creativa","B_NOME"
"Frase123","Puoi","O"
"Frase123","creare","O"
"Frase123","una","O"
"Frase123","stanza","O"
"Frase123","per","O"
"Frase123","10","B_NUM_PART"
"Frase123","persone","O"
"Frase123","chiamata","O"
"Frase123","Riunione","B_NOME"
"Frase123","vendite","B_NOME"
"Frase124","Vorrei","O"
"Frase124","una","O"
"Frase124","nuova","O"
"Frase124","sala","O"
"Frase124","per","O"
"Frase124","30","B_NUM_PART"
"Frase124","partecipanti","O"
"Frase124","con","O"
"Frase124","nome","O"
"Frase124","Presentazione","B_NOME"
"Frase124","annua","B_NOME"
"Frase125","crea","O"
"Frase125","una","O"
"Frase125","stanza","O"
"Frase125","12","B_NUM_PART"
"Frase125","persone","O"
"Frase125","chiamata","O"
"Frase125","Riunione","B_NOME"
"Frase125","Risorse","B_NOME"
"Frase125","Umane","B_NOME"
"Frase126","Puoi","O"
"Frase126","crearmi","O"
"Frase126","una","O"
"Frase126","sala","O"
"Frase126","per","O"
"Frase126","6","B_NUM_PART"
"Frase126","partecipanti","O"
"Frase126","Brainstorming","B_NOME"
"Frase126","prodotto","B_NOME"
"Frase127","Vorrei","O"
"Frase127","una","O"
"Frase127","stanza","O"
"Frase127","per","O"
"Frase127","8","B_NUM_PART"
"Frase127","persone","O"
"Frase127","chiamata","O"
"Frase127","Riunione","B_NOME"
"Frase127","settimanale","B_NOME"
"Frase127","IT","B_NOME"
"Frase128","creami","O"
"Frase128","una","O"
"Frase128","sala","O"
"Frase128","conferenza","B_TIPO_SCEN"
"Frase128","per","O"
"Frase128","partecipanti","O"
"Frase128","con","O"
"Frase128","nome","O"
"Frase128","Presentazione","B_NOME"
"Frase128","finale","B_NOME"
"Frase129","Puoi","O"
"Frase129","creare","O"
"Frase129","una","O"
"Frase129","stanza","O"
"Frase129","riunione","B_TIPO_SCEN"
"Frase129","per","O"
"Frase129","10","B_NUM_PART"
"Frase129","persone","O"
"Frase129","chiamata","O"
"Frase129","Riunione","B_NOME"
"Frase129","settimanale","B_NOME"
"Frase129","vendite","B_NOME"
"Frase130","Vorrei","O"
"Frase130","una","O"
"Frase130","nuova","O"
"Frase130","sala","O"
"Frase130","per","O"
"Frase130","30","B_NUM_PART"
"Frase130","partecipanti","O"
"Frase130","con","O"
"Frase130","nome","O"
"Frase130","Presentazione","B_NOME"
"Frase130","semestrale","B_NOME"
"Frase131","crea","O"
"Frase131","una","O"
"Frase131","stanza","O"
"Frase131","per","O"
"Frase131","15","B_NUM_PART"
"Frase131","persone","O"
"Frase131","chiamata","O"
"Frase131","Riunione","B_NOME"
"Frase131","commerciale","B_NOME"
"Frase132","Puoi","O"
"Frase132","crearmi","O"
"Frase132","una","O"
"Frase132","sala","O"
"Frase132","per","O"
"Frase132","10","B_NUM_PART"
"Frase132","partecipanti","O"
"Frase132","Ideazione","B_NOME"
"Frase132","campagna","B_NOME"
"Frase133","Vorrei","O"
"Frase133","una","O"
"Frase133","nuova","O"
"Frase133","stanza","O"
"Frase133","per","O"
"Frase133","6","B_NUM_PART"
"Frase133","persone","O"
"Frase133","chiamata","O"
"Frase133","Riunione","B_NOME"
"Frase133","contabilità","B_NOME"
"Frase134","creami","O"
"Frase134","una","O"
"Frase134","sala","O"
"Frase134","per","O"
"Frase134","100","B_NUM_PART"
"Frase134","partecipanti","O"
"Frase134","con","O"
"Frase134","nome","O"
"Frase134","Presentazione","B_NOME"
"Frase134","annuale","B_NOME"
"Frase135","Puoi","O"
"Frase135","creare","O"
"Frase135","una","O"
"Frase135","stanza","O"
"Frase135","per","O"
"Frase135","12","B_NUM_PART"
"Frase135","persone","O"
"Frase135","chiamata","O"
"Frase135","Riunione","B_NOME"
"Frase135","marketing","B_NOME"
"Frase135","strategico","B_NOME"
"Frase136","Vorrei","O"
"Frase136","una","O"
"Frase136","nuova","O"
"Frase136","sala","O"
"Frase136","per","O"
"Frase136","50","B_NUM_PART"
"Frase136","partecipanti","O"
"Frase136","con","O"
"Frase136","nome","O"
"Frase136","Assemblea","B_NOME"
"Frase136","azionisti","B_NOME"
"Frase137","crea","O"
"Frase138","Crea","O"
"Frase138","una","O"
"Frase138","sala","O"
"Frase138","per","O"
"Frase138","20","B_NUM_PART"
"Frase138","partecipanti","O"
"Frase138","con","O"
"Frase138","nome","O"
"Frase138","Presentazione","B_NOME"
"Frase138","trimestrale","B_NOME"
"Frase139","Vorrei","O"
"Frase139","una","O"
"Frase139","nuova","O"
"Frase139","stanza","O"
"Frase139","per","O"
"Frase139","15","B_NUM_PART"
"Frase139","persone","O"
"Frase139","chiamata","O"
"Frase139","Riunione","B_NOME"
"Frase139","marketing","B_NOME"
"Frase140","Crea","O"
"Frase140","una","O"
"Frase140","sala","O"
"Frase140","per","O"
"Frase140","8","B_NUM_PART"
"Frase140","partecipanti","O"
"Frase140","con","O"
"Frase140","nome","O"
"Frase140","Sessione","B_NOME"
"Frase140","creativa","B_NOME"
"Frase141","Puoi","O"
"Frase141","creare","O"
"Frase141","una","O"
"Frase141","stanza","O"
"Frase141","per","O"
"Frase141","10","B_NUM_PART"
"Frase141","persone","O"
"Frase141","chiamata","O"
"Frase141","Riunione","B_NOME"
"Frase141","vendite","B_NOME"
"Frase142","Vorrei","O"
"Frase142","una","O"
"Frase142","nuova","O"
"Frase142","sala","O"
"Frase142","per","O"
"Frase142","30","B_NUM_PART"
"Frase142","partecipanti","O"
"Frase142","con","O"
"Frase142","nome","O"
"Frase142","Presentazione","B_NOME"
"Frase142","annua","B_NOME"
"Frase143","crea","O"
"Frase143","una","O"
"Frase143","stanza","O"
"Frase143","per","O"
"Frase143","12","B_NUM_PART"
"Frase143","persone","O"
"Frase143","chiamata","O"
"Frase143","Riunione","B_NOME"
"Frase143","Risorse","B_NOME"
"Frase143","Umane","B_NOME"
"Frase144","Puoi","O"
"Frase144","crearmi","O"
"Frase144","una","O"
"Frase144","sala","O"
"Frase144","per","O"
"Frase144","6","B_NUM_PART"
"Frase144","partecipanti","O"
"Frase144","Brainstorming","B_NOME"
"Frase144","prodotto","B_NOME"
"Frase145","Vorrei","O"
"Frase145","una","O"
"Frase145","nuova","O"
"Frase145","stanza","O"
"Frase145","per","O"
"Frase145","8","B_NUM_PART"
"Frase145","persone","O"
"Frase145","chiamata","O"
"Frase145","Riunione","B_NOME"
"Frase145","settimanale","B_NOME"
"Frase145","IT","B_NOME"
"Frase146","creami","O"
"Frase146","una","O"
"Frase146","sala","O"
"Frase146","per","O"
"Frase146","50","B_NUM_PART"
"Frase146","partecipanti","O"
"Frase146","con","O"
"Frase146","nome","O"
"Frase146","Presentazione","B_NOME"
"Frase146","finale","B_NOME"
"Frase147","Crea","O"
"Frase147","una","O"
"Frase147","sala","O"
"Frase147","per","O"
"Frase147","Riunione","B_NOME"
"Frase147","settimanale","B_NOME"
"Frase148","Vorrei","O"
"Frase148","una","O"
"Frase148","nuova","O"
"Frase148","stanza","O"
"Frase148","per","O"
"Frase148","Riunione","B_NOME"
"Frase148","marketing","B_NOME"
"Frase149","Crea","O"
"Frase149","una","O"
"Frase149","sala","O"
"Frase149","per","O"
"Frase149","Sessione","B_NOME"
"Frase149","creativa","B_NOME"
"Frase150","Puoi","O"
"Frase150","creare","O"
"Frase150","una","O"
"Frase150","stanza","O"
"Frase150","per","O"
"Frase150","Riunione","B_NOME"
"Frase150","vendite","B_NOME"
"Frase151","Vorrei","O"
"Frase151","una","O"
"Frase151","nuova","O"
"Frase151","sala","O"
"Frase151","per","O"
"Frase151","Presentazione","B_NOME"
"Frase151","annua","B_NOME"
"Frase152","crea","O"
"Frase152","una","O"
"Frase152","stanza","O"
"Frase152","per","O"
"Frase152","Riunione","B_NOME"
"Frase152","Risorse","B_NOME"
"Frase152","Umane","B_NOME"
"Frase153","Puoi","O"
"Frase153","crearmi","O"
"Frase153","una","O"
"Frase153","sala","O"
"Frase153","per","O"
"Frase153","Brainstorming","B_NOME"
"Frase153","prodotto","B_NOME"
"Frase154","Vorrei","O"
"Frase154","una","O"
"Frase154","nuova","O"
"Frase154","stanza","O"
"Frase154","per","O"
"Frase154","Riunione","B_NOME"
"Frase154","settimanale","B_NOME"
"Frase154","IT","B_NOME"
"Frase155","creami","O"
"Frase155","una","O"
"Frase155","sala","O"
"Frase155","per","O"
"Frase155","Presentazione","B_NOME"
"Frase155","finale","B_NOME"
"Frase156","Puoi","O"
"Frase156","creare","O"
"Frase156","una","O"
"Frase156","stanza","O"
"Frase156","conferenza","B_TIPO_SCEN"
"Frase156","per","O"
"Frase156","persone","O"
"Frase156","chiamata","O"
"Frase156","Riunione","B_NOME"
"Frase156","settimanale","B_NOME"
"Frase156","vendite","B_NOME"
"Frase157","Vorrei","O"
"Frase157","una","O"
"Frase157","nuova","O"
"Frase157","sala","O"
"Frase157","riunione","B_TIPO_SCEN"
"Frase157","per","O"
"Frase157","partecipanti","O"
"Frase157","con","O"
"Frase157","nome","O"
"Frase157","Presentazione","B_NOME"
"Frase157","semestrale","B_NOME"
"Frase158","crea","O"
"Frase158","una","O"
"Frase158","stanza","O"
"Frase158","collaborazione","B_TIPO_SCEN"
"Frase158","per","O"
"Frase158","persone","O"
"Frase158","chiamata","O"
"Frase158","Riunione","B_NOME"
"Frase158","commerciale","B_NOME"
"Frase159","Puoi","O"
"Frase159","crearmi","O"
"Frase159","una","O"
"Frase159","sala","O"
"Frase159","conferenza","B_TIPO_SCEN"
"Frase159","per","O"
"Frase159","partecipanti","O"
"Frase159","Ideazione","B_NOME"
"Frase159","campagna","B_NOME"
"Frase160","Vorrei","O"
"Frase160","una","O"
"Frase160","nuova","O"
"Frase160","stanza","O"
"Frase160","riunione","B_TIPO_SCEN"
"Frase160","per","O"
"Frase160","persone","O"
"Frase160","chiamata","O"
"Frase160","Riunione","B_NOME"
"Frase160","contabilità","B_NOME"
"Frase161","creami","O"
"Frase161","una","O"
"Frase161","sala","O"
"Frase161","collaborazione","B_TIPO_SCEN"
"Frase161","per","O"
"Frase161","partecipanti","O"
"Frase161","con","O"
"Frase161","nome","O"
"Frase161","Presentazione","B_NOME"
"Frase161","annuale","B_NOME"
"Frase162","Puoi","O"
"Frase162","creare","O"
"Frase162","una","O"
"Frase162","stanza","O"
"Frase162","conferenza","B_TIPO_SCEN"
"Frase162","per","O"
"Frase162","persone","O"
"Frase162","chiamata","O"
"Frase162","Riunione","B_NOME"
"Frase162","marketing","B_NOME"
"Frase162","strategico","B_NOME"
"Frase163","Vorrei","O"
"Frase163","una","O"
"Frase163","nuova","O"
"Frase163","sala","O"
"Frase163","riunione","B_TIPO_SCEN"
"Frase163","per","O"
"Frase163","partecipanti","O"
"Frase163","con","O"
"Frase163","nome","O"
"Frase163","Assemblea","B_NOME"
"Frase163","azionisti","B_NOME"
"Frase164","Crea","O"
"Frase164","una","O"
"Frase164","sala","O"
"Frase164","per","O"
"Frase164","20","B_NUM_PART"
"Frase164","partecipanti","O"
"Frase164","con","O"
"Frase164","nome","O"
"Frase165","Vorrei","O"
"Frase165","una","O"
"Frase165","nuova","O"
"Frase165","stanza","O"
"Frase165","per","O"
"Frase166","Crea","O"
"Frase166","una","O"
"Frase166","sala","O"
"Frase166","per","O"
"Frase166","8","B_NUM_PART"
"Frase166","partecipanti","O"
"Frase167","Puoi","O"
"Frase167","creare","O"
"Frase167","una","O"
"Frase167","stanza","O"
"Frase167","per","O"
"Frase167","10","B_NUM_PART"
"Frase167","persone","O"
"Frase168","Vorrei","O"
"Frase168","una","O"
"Frase168","nuova","O"
"Frase168","sala","O"
"Frase168","per","O"
"Frase168","30","B_NUM_PART"
"Frase168","partecipanti","O"
"Frase169","crea","O"
"Frase169","una","O"
"Frase169","stanza","O"
"Frase170","Vorrei","O"
"Frase170","una","O"
"Frase170","nuova","O"
"Frase170","stanza","O"
"Frase170","riunione","B_TIPO_SCEN"
"Frase170","per","O"
"Frase170","8","B_NUM_PART"
"Frase170","persone","O"
"Frase171","creami","O"
"Frase171","una","O"
"Frase171","sala","O"
"Frase171","conferenza","B_TIPO_SCEN"
"Frase171","per","O"
"Frase171","50","B_NUM_PART"
"Frase171","partecipanti","O"
"Frase171","con","O"
"Frase171","nome","O"
"Frase172","Puoi","O"
"Frase172","creare","O"
"Frase172","una","O"
"Frase172","stanza","O"
"Frase172","per","O"
"Frase172","12","B_NUM_PART"
"Frase172","persone","O"
"Frase172","chiamata","O"
"Frase172","Riunione","B_NOME"
"Frase172","settimanale","B_NOME"
"Frase173","Vorrei","O"
"Frase173","una","O"
"Frase173","nuova","O"
"Frase173","sala","O"
"Frase173","per","O"
"Frase173","15","B_NUM_PART"
"Frase173","partecipanti","O"
"Frase173","con","O"
"Frase173","nome","O"
"Frase173","Presentazione","B_NOME"
"Frase173","annua","B_NOME"
"Frase174","Crea","O"
"Frase174","una","O"
"Frase174","stanza","O"
"Frase174","collaborazione","B_TIPO_SCEN"
"Frase174","per","O"
"Frase174","8","B_NUM_PART"
"Frase174","partecipanti","O"
"Frase174","con","O"
"Frase174","nome","O"
"Frase174","Sessione","B_NOME"
"Frase174","creativa","B_NOME"
"Frase175","Puoi","O"
"Frase175","creare","O"
"Frase175","una","O"
"Frase175","sala","O"
"Frase175","riunione","B_TIPO_SCEN"
"Frase175","per","O"
"Frase175","10","B_NUM_PART"
"Frase175","persone","O"
"Frase175","chiamata","O"
"Frase175","Riunione","B_NOME"
"Frase175","vendite","B_NOME"
"Frase176","Vorrei","O"
"Frase176","una","O"
"Frase176","nuova","O"
"Frase176","stanza","O"
"Frase176","per","O"
"Frase176","12","B_NUM_PART"
"Frase176","persone","O"
"Frase176","chiamata","O"
"Frase176","Riunione","B_NOME"
"Frase176","Risorse","B_NOME"
"Frase176","Umane","B_NOME"
"Frase177","crea","O"
"Frase177","una","O"
"Frase177","sala","O"
"Frase177","per","O"
"Frase177","6","B_NUM_PART"
"Frase177","partecipanti","O"
"Frase177","Brainstorming","B_NOME"
"Frase177","prodotto","B_NOME"
"Frase178","Puoi","O"
"Frase178","crearmi","O"
"Frase178","una","O"
"Frase178","stanza","O"
"Frase178","conferenza","B_TIPO_SCEN"
"Frase178","per","O"
"Frase178","8","B_NUM_PART"
"Frase178","persone","O"
"Frase178","chiamata","O"
"Frase178","Riunione","B_NOME"
"Frase178","settimanale","B_NOME"
"Frase178","IT","B_NOME"
"Frase179","Vorrei","O"
"Frase179","una","O"
"Frase179","nuova","O"
"Frase179","sala","O"
"Frase179","collaborazione","B_TIPO_SCEN"
"Frase179","per","O"
"Frase179","50","B_NUM_PART"
"Frase179","partecipanti","O"
"Frase179","con","O"
"Frase179","nome","O"
"Frase179","Presentazione","B_NOME"
"Frase179","finale","B_NOME"
"Frase180","crea","O"
"Frase180","una","O"
"Frase180","stanza","O"
"Frase180","riunione","B_TIPO_SCEN"
"Frase180","per","O"
"Frase180","10","B_NUM_PART"
"Frase180","persone","O"
"Frase180","chiamata","O"
"Frase180","Riunione","B_NOME"
"Frase180","settimanale","B_NOME"
"Frase180","vendite","B_NOME"
"Frase181","Puoi","O"
"Frase181","creare","O"
"Frase181","una","O"
"Frase181","sala","O"
"Frase181","per","O"
"Frase181","30","B_NUM_PART"
"Frase181","partecipanti","O"
"Frase181","con","O"
"Frase181","nome","O"
"Frase181","Presentazione","B_NOME"
"Frase181","semestrale","B_NOME"
"Frase182","Vorrei","O"
"Frase182","una","O"
"Frase182","nuova","O"
"Frase182","stanza","O"
"Frase182","per","O"
"Frase182","15","B_NUM_PART"
"Frase182","persone","O"
"Frase182","chiamata","O"
"Frase182","Riunione","B_NOME"
"Frase182","commerciale","B_NOME"
"Frase183","Crea","O"
"Frase183","una","O"
"Frase183","sala","O"
"Frase183","conferenza","B_TIPO_SCEN"
"Frase183","per","O"
"Frase183","10","B_NUM_PART"
"Frase183","partecipanti","O"
"Frase183","Ideazione","B_NOME"
"Frase183","campagna","B_NOME"
"Frase184","Puoi","O"
"Frase184","crearmi","O"
"Frase184","una","O"
"Frase184","stanza","O"
"Frase184","riunione","B_TIPO_SCEN"
"Frase184","per","O"
"Frase184","6","B_NUM_PART"
"Frase184","persone","O"
"Frase184","chiamata","O"
"Frase184","Riunione","B_NOME"
"Frase184","contabilità","B_NOME"
"Frase185","Vorrei","O"
"Frase185","una","O"
"Frase185","nuova","O"
"Frase185","sala","O"
"Frase185","collaborazione","B_TIPO_SCEN"
"Frase185","per","O"
"Frase185","100","B_NUM_PART"
"Frase185","partecipanti","O"
"Frase185","con","O"
"Frase185","nome","O"
"Frase185","Presentazione","B_NOME"
"Frase185","annuale","B_NOME"
"Frase186","Puoi","O"
"Frase186","creare","O"
"Frase186","una","O"
"Frase186","stanza","O"
"Frase186","riunione","B_TIPO_SCEN"
"Frase186","per","O"
"Frase186","12","B_NUM_PART"
"Frase186","persone","O"
"Frase186","chiamata","O"
"Frase186","Riunione","B_NOME"
"Frase186","marketing","B_NOME"
"Frase186","strategico","B_NOME"
"Frase187","Vorrei","O"
"Frase187","una","O"
"Frase187","nuova","O"
"Frase187","sala","O"
"Frase187","per","O"
"Frase187","50","B_NUM_PART"
"Frase187","partecipanti","O"
"Frase187","con","O"
"Frase187","nome","O"
"Frase187","Assemblea","B_NOME"
"Frase187","azionisti","B_NOME"
"Frase188","Crea","O"
"Frase188","una","O"
"Frase188","sala","O"
"Frase188","per","O"
"Frase189","Vorrei","O"
"Frase189","una","O"
"Frase189","nuova","O"
"Frase189","stanza","O"
"Frase189","riunione","B_TIPO_SCEN"
"Frase189","per","O"
"Frase189","15","B_NUM_PART"
"Frase189","persone","O"
"Frase189","chiamata","O"
"Frase189","Riunione","B_NOME"
"Frase189","marketing","B_NOME"
"Frase190","Crea","O"
"Frase190","una","O"
"Frase190","sala","O"
"Frase190","per","O"
"Frase190","8","B_NUM_PART"
"Frase190","partecipanti","O"
"Frase190","con","O"
"Frase190","nome","O"
"Frase190","Sessione","B_NOME"
"Frase190","creativa","B_NOME"
"Frase191","Puoi","O"
"Frase191","creare","O"
"Frase191","una","O"
"Frase191","stanza","O"
"Frase191","per","O"
"Frase191","10","B_NUM_PART"
"Frase191","persone","O"
"Frase191","chiamata","O"
"Frase191","Riunione","B_NOME"
"Frase191","vendite","B_NOME"
"Frase192","Vorrei","O"
"Frase192","una","O"
"Frase192","nuova","O"
"Frase192","sala","O"
"Frase192","per","O"
"Frase193","crea","O"
"Frase193","una","O"
"Frase193","stanza","O"
"Frase193","per","O"
"Frase193","12","B_NUM_PART"
"Frase193","persone","O"
"Frase194","Puoi","O"
"Frase194","crearmi","O"
"Frase194","una","O"
"Frase194","sala","O"
"Frase194","per","O"
"Frase194","6","B_NUM_PART"
"Frase194","partecipanti","O"
"Frase194","Brainstorming","B_NOME"
"Frase194","prodotto","B_NOME"
"Frase195","Vorrei","O"
"Frase195","una","O"
"Frase195","nuova","O"
"Frase195","stanza","O"
"Frase196","creami","O"
"Frase196","una","O"
"Frase196","sala","O"
"Frase196","conferenza","B_TIPO_SCEN"
"Frase196","per","O"
"Frase196","50","B_NUM_PART"
"Frase196","partecipanti","O"
"Frase196","con","O"
"Frase196","nome","O"
"Frase196","Presentazione","B_NOME"
"Frase196","finale","B_NOME"
"Frase197","Puoi","O"
"Frase197","creare","O"
"Frase197","una","O"
"Frase197","stanza","O"
"Frase197","riunione","B_TIPO_SCEN"
"Frase197","per","O"
"Frase197","10","B_NUM_PART"
"Frase197","persone","O"
"Frase197","chiamata","O"
"Frase197","Riunione","B_NOME"
"Frase197","settimanale","B_NOME"
"Frase197","vendite","B_NOME"
"Frase198","Vorrei","O"
"Frase198","una","O"
"Frase198","nuova","O"
"Frase198","sala","O"
"Frase198","per","O"
"Frase198","dieci","B_NUM_PART"
"Frase198","partecipanti","O"
"Frase198","con","O"
"Frase198","nome","O"
"Frase198","Presentazione","B_NOME"
"Frase198","trimestrale","B_NOME"
"Frase199","Crea","O"
"Frase199","una","O"
"Frase199","stanza","O"
"Frase199","per","O"
"Frase199","quindici","B_NUM_PART"
"Frase199","persone","O"
"Frase199","chiamata","O"
"Frase199","Riunione","B_NOME"
"Frase199","marketing","B_NOME"
"Frase200","Puoi","O"
"Frase200","creare","O"
"Frase200","una","O"
"Frase200","sala","O"
"Frase200","per","O"
"Frase200","otto","B_NUM_PART"
"Frase200","partecipanti","O"
"Frase200","con","O"
"Frase200","nome","O"
"Frase200","Sessione","B_NOME"
"Frase200","creativa","B_NOME"
"Frase201","Vorrei","O"
"Frase201","una","O"
"Frase201","nuova","O"
"Frase201","stanza","O"
"Frase201","per","O"
"Frase201","trenta","B_NUM_PART"
"Frase201","persone","O"
"Frase201","chiamata","O"
"Frase201","Presentazione","B_NOME"
"Frase201","annua","B_NOME"
"Frase202","crea","O"
"Frase202","una","O"
"Frase202","sala","O"
"Frase202","per","O"
"Frase202","dodici","B_NUM_PART"
"Frase202","partecipanti","O"
"Frase202","Brainstorming","B_NOME"
"Frase202","prodotto","B_NOME"
"Frase203","Puoi","O"
"Frase203","crearmi","O"
"Frase203","una","O"
"Frase203","stanza","O"
"Frase203","per","O"
"Frase203","sei","B_NUM_PART"
"Frase203","persone","O"
"Frase203","chiamata","O"
"Frase203","Riunione","B_NOME"
"Frase203","settimanale","B_NOME"
"Frase203","IT","B_NOME"
"Frase204","Vorrei","O"
"Frase204","una","O"
"Frase204","nuova","O"
"Frase204","sala","O"
"Frase204","per","O"
"Frase204","cinquanta","B_NUM_PART"
"Frase204","partecipanti","O"
"Frase204","con","O"
"Frase204","nome","O"
"Frase204","Presentazione","B_NOME"
"Frase204","finale","B_NOME"
"Frase205","crea","O"
"Frase205","una","O"
"Frase205","stanza","O"
"Frase205","per","O"
"Frase205","dieci","B_NUM_PART"
"Frase205","persone","O"
"Frase205","chiamata","O"
"Frase205","Riunione","B_NOME"
"Frase205","settimanale","B_NOME"
"Frase205","vendite","B_NOME"
"Frase206","Puoi","O"
"Frase206","creare","O"
"Frase206","una","O"
"Frase206","sala","O"
"Frase206","per","O"
"Frase206","trenta","B_NUM_PART"
"Frase206","partecipanti","O"
"Frase206","con","O"
"Frase206","nome","O"
"Frase206","Presentazione","B_NOME"
"Frase206","semestrale","B_NOME"
"Frase207","Vorrei","O"
"Frase207","una","O"
"Frase207","nuova","O"
"Frase207","stanza","O"
"Frase207","per","O"
"Frase207","quindici","B_NUM_PART"
"Frase207","persone","O"
"Frase207","chiamata","O"
"Frase207","Riunione","B_NOME"
"Frase207","commerciale","B_NOME"
"Frase208","Crea","O"
"Frase208","una","O"
"Frase208","sala","O"
"Frase208","per","O"
"Frase208","dieci","B_NUM_PART"
"Frase208","partecipanti","O"
"Frase208","Ideazione","B_NOME"
"Frase208","campagna","B_NOME"
"Frase209","Puoi","O"
"Frase209","crearmi","O"
"Frase209","una","O"
"Frase209","stanza","O"
"Frase209","per","O"
"Frase209","sei","B_NUM_PART"
"Frase209","persone","O"
"Frase209","chiamata","O"
"Frase209","Riunione","B_NOME"
"Frase209","contabilità","B_NOME"
"Frase210","Vorrei","O"
"Frase210","una","O"
"Frase210","nuova","O"
"Frase210","sala","O"
"Frase210","per","O"
"Frase210","cento","B_NUM_PART"
"Frase210","partecipanti","O"
"Frase210","con","O"
"Frase210","nome","O"
"Frase210","Presentazione","B_NOME"
"Frase210","annuale","B_NOME"
"Frase211","crea","O"
"Frase211","una","O"
"Frase211","stanza","O"
"Frase211","per","O"
"Frase211","dodici","B_NUM_PART"
"Frase211","persone","O"
"Frase211","chiamata","O"
"Frase211","Riunione","B_NOME"
"Frase211","marketing","B_NOME"
"Frase211","strategico","B_NOME"
"Frase212","Puoi","O"
"Frase212","creare","O"
"Frase212","una","O"
"Frase212","sala","O"
"Frase212","per","O"
"Frase212","cinquanta","B_NUM_PART"
"Frase212","partecipanti","O"
"Frase212","con","O"
"Frase212","nome","O"
"Frase212","Assemblea","B_NOME"
"Frase212","azionisti","B_NOME"
"Frase213","Vorrei","O"
"Frase213","una","O"
"Frase213","nuova","O"
"Frase213","stanza","O"
"Frase214","Crea","O"
"Frase214","una","O"
"Frase214","sala","O"
"Frase214","per","O"
"Frase214","venti","B_NUM_PART"
"Frase214","partecipanti","O"
"Frase214","con","O"
"Frase214","nome","O"
"Frase215","crea","O"
"Frase215","una","O"
"Frase215","stanza","O"
"Frase215","per","O"
"Frase215","quindici","B_NUM_PART"
"Frase215","persone","O"
"Frase215","chiamata","O"
"Frase215","Riunione","B_NOME"
"Frase215","marketing","B_NOME"
"Frase216","Puoi","O"
"Frase216","creare","O"
"Frase216","una","O"
"Frase216","sala","O"
"Frase216","per","O"
"Frase216","otto","B_NUM_PART"
"Frase216","partecipanti","O"
"Frase216","con","O"
"Frase216","nome","O"
"Frase216","Sessione","B_NOME"
"Frase216","creativa","B_NOME"
"Frase217","Vorrei","O"
"Frase217","una","O"
"Frase217","nuova","O"
"Frase217","stanza","O"
"Frase217","riunione","B_TIPO_SCEN"
"Frase217","per","O"
"Frase217","trenta","B_NUM_PART"
"Frase217","persone","O"
"Frase217","chiamata","O"
"Frase217","Presentazione","B_NOME"
"Frase217","annua","B_NOME"
"Frase218","crea","O"
"Frase218","una","O"
"Frase218","sala","O"
"Frase218","per","O"
"Frase218","dodici","B_NUM_PART"
"Frase218","partecipanti","O"
"Frase218","Brainstorming","B_NOME"
"Frase218","prodotto","B_NOME"
"Frase219","Puoi","O"
"Frase219","crearmi","O"
"Frase219","una","O"
"Frase219","stanza","O"
"Frase219","per","O"
"Frase219","sei","B_NUM_PART"
"Frase219","persone","O"
"Frase219","chiamata","O"
"Frase219","Riunione","B_NOME"
"Frase219","settimanale","B_NOME"
"Frase219","IT","B_NOME"
"Frase220","Vorrei","O"
"Frase220","una","O"
"Frase220","nuova","O"
"Frase220","sala","O"
"Frase220","per","O"
"Frase220","cinquanta","B_NUM_PART"
"Frase220","partecipanti","O"
"Frase220","con","O"
"Frase220","nome","O"
"Frase220","Presentazione","B_NOME"
"Frase220","finale","B_NOME"
"Frase221","crea","O"
"Frase221","una","O"
"Frase221","stanza","O"
"Frase221","riunione","B_TIPO_SCEN"
"Frase221","per","O"
"Frase221","dieci","B_NUM_PART"
"Frase221","persone","O"
"Frase221","chiamata","O"
"Frase221","Riunione","B_NOME"
"Frase221","settimanale","B_NOME"
"Frase221","vendite","B_NOME"
"Frase222","Puoi","O"
"Frase222","creare","O"
"Frase222","una","O"
"Frase222","sala","O"
"Frase222","per","O"
"Frase222","trenta","B_NUM_PART"
"Frase222","partecipanti","O"
"Frase222","con","O"
"Frase222","nome","O"
"Frase222","Presentazione","B_NOME"
"Frase222","semestrale","B_NOME"
"Frase223","Vorrei","O"
"Frase223","una","O"
"Frase223","nuova","O"
"Frase223","stanza","O"
"Frase223","collaborazione","B_TIPO_SCEN"
"Frase223","per","O"
"Frase223","quindici","B_NUM_PART"
"Frase223","persone","O"
"Frase223","chiamata","O"
"Frase223","Riunione","B_NOME"
"Frase223","commerciale","B_NOME"
"Frase224","Crea","O"
"Frase224","una","O"
"Frase224","sala","O"
"Frase224","conferenza","B_TIPO_SCEN"
"Frase224","per","O"
"Frase224","dieci","B_NUM_PART"
"Frase224","partecipanti","O"
"Frase224","Ideazione","B_NOME"
"Frase224","campagna","B_NOME"
"Frase225","Brainstorming","B_NOME"
"Frase225","prodotto","B_NOME"
"Frase225","crea","O"
"Frase225","una","O"
"Frase225","sala","O"
"Frase225","per","O"
"Frase225","dodici","B_NUM_PART"
"Frase225","partecipanti","O"
"Frase226","Chiamata","O"
"Frase226","Riunione","B_NOME"
"Frase226","settimanale","B_NOME"
"Frase226","IT","B_NOME"
"Frase226","puoi","O"
"Frase226","crearmi","O"
"Frase226","una","O"
"Frase226","stanza","O"
"Frase226","per","O"
"Frase226","sei","B_NUM_PART"
"Frase226","persone","O"
"Frase227","Con","O"
"Frase227","nome","O"
"Frase227","Presentazione","B_NOME"
"Frase227","finale","B_NOME"
"Frase227","vorrei","O"
"Frase227","una","O"
"Frase227","nuova","O"
"Frase227","sala","O"
"Frase227","per","O"
"Frase227","cinquanta","B_NUM_PART"
"Frase227","partecipanti","O"
"Frase228","Per","O"
"Frase228","dieci","B_NUM_PART"
"Frase228","persone","O"
"Frase228","chiamata","O"
"Frase228","Riunione","B_NOME"
"Frase228","settimanale","B_NOME"
"Frase228","vendite","B_NOME"
"Frase228","crea","O"
"Frase228","una","O"
"Frase228","stanza","O"
"Frase228","riunione","B_TIPO_SCEN"
"Frase229","Con","O"
"Frase229","nome","O"
"Frase229","Presentazione","B_NOME"
"Frase229","semestrale","B_NOME"
"Frase229","puoi","O"
"Frase229","creare","O"
"Frase229","una","O"
"Frase229","sala","O"
"Frase229","per","O"
"Frase229","trenta","B_NUM_PART"
"Frase229","partecipanti","O"
"Frase230","Chiamata","O"
"Frase230","Riunione","B_NOME"
"Frase230","commerciale","B_NOME"
"Frase230","vorrei","O"
"Frase230","una","O"
"Frase230","nuova","O"
"Frase230","stanza","O"
"Frase230","collaborazione","B_TIPO_SCEN"
"Frase230","per","O"
"Frase230","quindici","B_NUM_PART"
"Frase230","persone","O"
"Frase231","Vorrei","O"
"Frase231","una","O"
"Frase231","nuova","O"
"Frase231","stanza","O"
"Frase232","Crea","O"
"Frase232","una","O"
"Frase232","sala","O"
"Frase232","per","O"
"Frase232","venti","B_NUM_PART"
"Frase232","partecipanti","O"
"Frase232","con","O"
"Frase232","nome","O"
"Frase233","crea","O"
"Frase233","una","O"
"Frase233","stanza","O"
"Frase233","per","O"
"Frase233","quindici","B_NUM_PART"
"Frase233","persone","O"
"Frase233","chiamata","O"
"Frase233","Riunione","B_NOME"
"Frase233","marketing","B_NOME"
"Frase234","Puoi","O"
"Frase234","creare","O"
"Frase234","una","O"
"Frase234","sala","O"
"Frase234","per","O"
"Frase234","otto","B_NUM_PART"
"Frase234","partecipanti","O"
"Frase234","con","O"
"Frase234","nome","O"
"Frase234","Sessione","B_NOME"
"Frase234","creativa","B_NOME"
"Frase235","Vorrei","O"
"Frase235","una","O"
"Frase235","nuova","O"
"Frase235","stanza","O"
"Frase236","Crea","O"
"Frase236","una","O"
"Frase236","sala","O"
"Frase236","per","O"
"Frase236","dieci","B_NUM_PART"
"Frase236","partecipanti","O"
"Frase236","con","O"
"Frase236","nome","O"
"Frase237","crea","O"
"Frase237","una","O"
"Frase237","stanza","O"
"Frase237","per","O"
"Frase237","dodici","B_NUM_PART"
"Frase237","persone","O"
"Frase237","chiamata","O"
"Frase237","Riunione","B_NOME"
"Frase237","strategico","B_NOME"
"Frase238","Puoi","O"
"Frase238","creare","O"
"Frase238","una","O"
"Frase238","sala","O"
"Frase238","per","O"
"Frase238","sei","B_NUM_PART"
"Frase238","partecipanti","O"
"Frase238","con","O"
"Frase238","nome","O"
"Frase238","Sessione","B_NOME"
"Frase238","creativa","B_NOME"
"Frase239","Nuova","O"
"Frase239","una","O"
"Frase239","sala","O"
"Frase239","vorrei","O"
"Frase239","per","O"
"Frase239","otto","B_NUM_PART"
"Frase239","partecipanti","O"
"Frase240","Creare","O"
"Frase240","puoi","O"
"Frase240","una","O"
"Frase240","stanza","O"
"Frase240","riunione","B_TIPO_SCEN"
"Frase240","per","O"
"Frase240","dieci","B_NUM_PART"
"Frase240","persone","O"
"Frase240","chiamata","O"
"Frase240","Riunione","B_NOME"
"Frase241","Favore","O"
"Frase241","per","O"
"Frase241","crea","O"
"Frase241","una","O"
"Frase241","stanza","O"
"Frase241","conferenza","B_TIPO_SCEN"
"Frase241","per","O"
"Frase241","dodici","B_NUM_PART"
"Frase242","persone","O"
"Frase243","chiamata","O"
"Frase243","Riunione","B_NOME"
"Frase244","Vorrei","O"
"Frase244","una","O"
"Frase244","nuova","O"
"Frase244","sala","O"
"Frase244","collaborazione","B_TIPO_SCEN"
"Frase244","per","O"
"Frase244","sei","B_NUM_PART"
"Frase244","partecipanti","O"
"Frase244","con","O"
"Frase244","nome","O"
"Frase245","Crea","O"
"Frase245","una","O"
"Frase245","stanza","O"
"Frase245","per","O"
"Frase245","quindici","B_NUM_PART"
"Frase245","persone","O"
"Frase245","chiamata","O"
"Frase245","Riunione","B_NOME"
"Frase245","vendite","B_NOME"
"Frase246","Vorrei","O"
"Frase246","una","O"
"Frase246","nuova","O"
"Frase246","sala","O"
"Frase246","riunione","B_TIPO_SCEN"
"Frase246","per","O"
"Frase246","venti","B_NUM_PART"
"Frase246","partecipanti","O"
"Frase247","crea","O"
"Frase247","una","O"
"Frase247","stanza","O"
"Frase247","collaborazione","B_TIPO_SCEN"
"Frase247","per","O"
"Frase247","otto","B_NUM_PART"
"Frase247","persone","O"
"Frase247","chiamata","O"
"Frase247","Riunione","B_NOME"
"Frase248","Puoi","O"
"Frase248","creare","O"
"Frase248","una","O"
"Frase248","sala","O"
"Frase248","conferenza","B_TIPO_SCEN"
"Frase248","per","O"
"Frase248","dieci","B_NUM_PART"
"Frase248","partecipanti","O"
"Frase248","con","O"
"Frase248","nome","O"
"Frase249","Vorrei","O"
"Frase249","una","O"
"Frase249","nuova","O"
"Frase249","stanza","O"
"Frase249","per","O"
"Frase249","dodici","B_NUM_PART"
"Frase249","persone","O"
"Frase249","chiamata","O"
"Frase249","Riunione","B_NOME"
"Frase250","Crea","O"
"Frase250","una","O"
"Frase250","sala","O"
"Frase250","per","O"
"Frase250","sei","B_NUM_PART"
"Frase250","partecipanti","O"
"Frase250","con","O"
"Frase250","nome","O"
"Frase250","Sessione","B_NOME"
"Frase251","Vorrei","O"
"Frase251","una","O"
"Frase251","nuova","O"
"Frase251","sala","O"
"Frase251","riunione","B_TIPO_SCEN"
"Frase251","per","O"
"Frase251","dieci","B_NUM_PART"
"Frase251","persone","O"
"Frase251","chiamata","O"
"Frase251","Riunione","B_NOME"
"Frase251","settimanale","B_NOME"
"Frase251","area","B_NOME"
"Frase251","vendite","B_NOME"
"Frase252","Per","O"
"Frase252","favore","O"
"Frase252","crea","O"
"Frase252","una","O"
"Frase252","stanza","O"
"Frase252","collaborazione","B_TIPO_SCEN"
"Frase252","per","O"
"Frase252","otto","B_NUM_PART"
"Frase252","persone","O"
"Frase252","chiamata","O"
"Frase252","Sessione","B_NOME"
"Frase252","generazione","B_NOME"
"Frase252","idee","B_NOME"
"Frase253","Puoi","O"
"Frase253","creare","O"
"Frase253","una","O"
"Frase253","sala","O"
"Frase253","conferenza","B_TIPO_SCEN"
"Frase253","per","O"
"Frase253","dodici","B_NUM_PART"
"Frase253","partecipanti","O"
"Frase253","con","O"
"Frase253","nome","O"
"Frase253","Presentazione","B_NOME"
"Frase253","nuovo","B_NOME"
"Frase253","prodotto","B_NOME"
"Frase254","Vorrei","O"
"Frase254","una","O"
"Frase254","nuova","O"
"Frase254","stanza","O"
"Frase254","per","O"
"Frase254","sei","B_NUM_PART"
"Frase254","persone","O"
"Frase254","chiamata","O"
"Frase254","Pianificazione","B_NOME"
"Frase254","campagna","B_NOME"
"Frase254","promozionale","B_NOME"
"Frase254","estiva","B_NOME"
"Frase255","Crea","O"
"Frase255","per","O"
"Frase255","favore","O"
"Frase255","una","O"
"Frase255","stanza","O"
"Frase255","per","O"
"Frase255","quindici","B_NUM_PART"
"Frase255","persone","O"
"Frase255","chiamata","O"
"Frase255","Riunione","B_NOME"
"Frase255","settimanale","B_NOME"
"Frase255","vendite","B_NOME"
"Frase256","Vorrei","O"
"Frase256","una","O"
"Frase256","nuova","O"
"Frase256","sala","O"
"Frase256","conferenza","B_TIPO_SCEN"
"Frase256","per","O"
"Frase256","dieci","B_NUM_PART"
"Frase256","partecipanti","O"
"Frase256","con","O"
"Frase256","nome","O"
"Frase256","Presentazione","B_NOME"
"Frase256","risultati","B_NOME"
"Frase256","trimestrali","B_NOME"
"Frase257","Per","O"
"Frase257","favore","O"
"Frase257","crea","O"
"Frase257","una","O"
"Frase257","stanza","O"
"Frase257","per","O"
"Frase257","otto","B_NUM_PART"
"Frase257","persone","O"
"Frase257","chiamata","O"
"Frase257","Sessione","B_NOME"
"Frase257","piano","B_NOME"
"Frase257","marketing","B_NOME"
"Frase258","Puoi","O"
"Frase258","creare","O"
"Frase258","una","O"
"Frase258","sala","O"
"Frase258","riunione","B_TIPO_SCEN"
"Frase258","per","O"
"Frase258","dodici","B_NUM_PART"
"Frase258","persone","O"
"Frase258","chiamata","O"
"Frase258","Riunione","B_NOME"
"Frase258","operativa","B_NOME"
